orden,cantidad,tipo
10234,3,ECM
10235,120,CORP
10236,8,ECM
30991070,10,CORP
30991282,9,ECM
30991715,1,ECM
30992103,200,ECM
30992286,1,ECM
30993410,8,CORP
30993653,1,CORP
30993692,21,ECM
30993976,1,ECM
1514325806,810,CORP
1514325869,912,CORP
1514325875,318,CORP
1514658790,12480,CORP
1514823259,36,CORP
1514833336,72,CORP
1514902098,100,CORP
1514905879,1,CORP
1514915982,175,CORP
1514926742,8,CORP
1514927427,85,CORP
1514930561,54,CORP
1514930608,54,CORP
1514971763,30,CORP
1514974417,96,CORP
1514987544,72,CORP
1515017839,2,CORP
1515017897,10,CORP
1515026568,24,CORP
1515059580,1,CORP
1515059918,48,CORP
1515064829,12,CORP
1515064899,30,CORP
1515075557,90,CORP
1515075892,72,CORP
1515081974,24,CORP
1515086059,48,CORP
1515086149,28,CORP
1515086722,24,CORP
1515094525,51,ECM
1515095801,6,CORP
1515095951,12,CORP
1515096042,12,CORP
1515096091,48,CORP
1515096167,20,CORP
1515096308,24,CORP
1515096598,20,CORP
1515104521,25,CORP
1515106472,12,CORP
1515106478,36,CORP
1515106701,56,CORP
1515106819,12,CORP
1515108751,57,CORP
1515109213,48,CORP
1515109285,48,CORP
1515109364,48,CORP
1515109379,12,CORP
1515109385,6,CORP
1515109425,6,CORP
1515109568,24,CORP
1515109625,48,CORP
1515109632,12,CORP
1515109699,24,CORP
1515132586,1,ECM
1515136581,40,ECM
1515137618,48,CORP
1515137619,37,CORP
1515137649,96,CORP
1515137653,6,CORP
1515137658,50,CORP
1515137668,54,CORP
1515138609,24,CORP
1515138612,12,CORP
1515138616,6,CORP
1515138618,6,CORP
1515138621,6,CORP
1515138661,6,CORP
1515138665,24,CORP
1515138803,15,CORP
1515138982,1,CORP
1515139065,40,CORP
1515139179,25,CORP
1515139282,48,CORP
1515139307,30,CORP
1515139363,36,CORP
1515139393,78,CORP
1515140059,12,CORP
1515140066,30,CORP
1515140147,85,CORP
1515140186,50,CORP
1515140283,50,CORP
1515140287,6,CORP
1515140288,15,CORP
1515140300,20,CORP
1515140301,7,CORP
1515140303,24,CORP
1515140304,50,CORP
1515140356,120,CORP
1515140422,50,CORP
1515140426,6,CORP
1515140489,6,CORP
1515140491,50,CORP
1515140553,20,CORP
1515140556,48,CORP
1515140558,40,CORP
1515140559,24,CORP
1515140575,75,CORP
1515140630,36,CORP
1515140648,53,CORP
1515140652,10,CORP
1515141843,12,CORP
1515141847,48,CORP
1515141852,25,CORP
1515142080,24,CORP
1515142128,25,CORP
1515142141,45,CORP
1515142200,40,CORP
1515142205,100,CORP
1515142252,60,CORP
1515142257,54,CORP
1515142270,48,CORP
1515142333,12,CORP
1515142395,100,CORP
1515142401,30,CORP
1515142420,10,CORP
1515142421,24,CORP
1515142470,8,CORP
1515142475,48,CORP
1515142523,10,CORP
1515142526,20,CORP
1515142532,50,CORP
1515142537,100,CORP
1515142548,8,CORP
1515142558,16,CORP
1515142603,25,CORP
1515142608,6,CORP
1515142625,54,CORP
1515142652,50,CORP
1515142736,1,CORP
1515143906,18,CORP
1515148314,122,CORP
1515150960,48,CORP
1515153250,12,CORP
1515154292,100,CORP
1515154868,100,CORP
1515155628,100,CORP
1515155805,100,CORP
1515156080,100,CORP
1515156220,37,CORP
1515156359,100,CORP
1515156422,24,CORP
1515156431,51,CORP
1515156442,28,CORP
1515156448,40,CORP
1515156671,16,CORP
1515156677,50,CORP
1515156804,48,CORP
1515156912,45,CORP
1515156919,12,CORP
1515156920,30,CORP
1515157022,6,CORP
1515157025,36,CORP
1515157134,30,CORP
1515157143,6,CORP
1515157216,48,CORP
1515157231,7,CORP
1515157241,6,CORP
1515157336,6,CORP
1515157342,42,CORP
1515157426,8,CORP
1515157430,20,CORP
1515157434,20,CORP
1515157435,100,CORP
1515157448,72,CORP
1515157510,75,CORP
1515157526,18,CORP
1515157529,60,CORP
1515157534,30,CORP
1515157539,25,CORP
1515157623,60,CORP
1515157633,100,CORP
1515157644,48,CORP
1515157660,50,CORP
1515157721,50,CORP
1515157725,12,CORP
1515157733,25,CORP
1515157739,8,CORP
1515157755,10,CORP
1515157757,12,CORP
1515157842,50,CORP
1515158051,50,CORP
1515158054,50,CORP
1515158067,2,CORP
1515158078,75,CORP
1515158254,42,CORP
1515158511,20,CORP
1515158750,12,CORP
1515159328,100,CORP
1515159438,20,CORP
1515159576,25,CORP
1515159636,52,CORP
1515159642,12,CORP
1515159651,6,CORP
1515159724,20,CORP
1515159731,75,CORP
1515159740,40,CORP
1515159741,30,CORP
1515159807,75,CORP
1515159909,20,CORP
1515159991,6,CORP
1515159992,30,CORP
1515160055,50,CORP
1515160056,65,CORP
1515160059,100,CORP
1515160120,60,CORP
1515160125,72,CORP
1515160183,30,CORP
1515160766,6,CORP
1515166497,48,CORP
1515166504,48,CORP
1515166549,48,CORP
1515167469,72,CORP
1515171436,24,CORP
1515173791,56,CORP
1515179310,54,CORP
1515179988,3,CORP
1515184271,110,CORP
1515185162,72,CORP
1515185237,48,CORP
1515186195,108,CORP
1515187291,1,ECM
1515187724,6,CORP
1515194583,6,CORP
1515195114,12,CORP
1515196453,130,CORP
1515196461,217,CORP
1515197784,200,CORP
1515198244,50,CORP
1515198370,18,CORP
1515202307,12,CORP
1515202308,4,CORP
1515202309,6,CORP
1515203007,55,ECM
1515230828,24,CORP
1515230913,2,CORP
1515232480,20,CORP
1515233596,66,CORP
1515233733,242,CORP
1515234257,18,CORP
1515234285,18,CORP
1515234541,50,CORP
1515234764,6,CORP
1515235287,48,CORP
1515235568,3,ECM
1515235941,180,CORP
1515236479,41,CORP
1515236542,14,CORP
1515236640,60,CORP
1515236896,140,CORP
1515238659,4,ECM
1515239621,14,ECM
1515240354,5,ECM
1515240668,3,ECM
1515242394,2,ECM
1515242632,1,ECM
1515243769,130,CORP
1515245659,2,ECM
1515246093,50,CORP
1515246250,110,CORP
1515246321,3,ECM
1515246759,30,CORP
1515246952,6,CORP
1515247127,200,CORP
1515247367,368,CORP
1515247433,102,CORP
1515247513,144,CORP
1515247609,6,CORP
1515247703,6,CORP
1515247787,6,CORP
1515247924,8,CORP
1515248061,12,CORP
1515248066,160,CORP
1515248159,130,CORP
1515248162,7,CORP
1515248787,48,CORP
1515248878,12,CORP
1515248990,3,ECM
1515249125,18,CORP
1515250202,5,ECM
1515250481,2,ECM
1515251326,3,ECM
1515252244,4,CORP
1515252929,2,ECM
1515255271,4,ECM
1515255648,3,ECM
1515256212,60,CORP
1515256296,25,ECM
1515257382,3,ECM
1515257474,36,CORP
1515258754,18,CORP
1515258757,18,CORP
1515260082,8,ECM
1515260369,125,CORP
1515260429,1,CORP
1515260430,1,CORP
1515260689,96,ECM
1515261078,2,ECM
1515261359,6,ECM
1515261865,20,CORP
1515262703,3,ECM
1515265086,2,ECM
1515265322,1,ECM
1515265425,1,ECM
1515265454,1,ECM
1515265663,2,ECM
1515265957,2,ECM
1515266280,2,ECM
1515266630,1,ECM
1515266635,50,CORP
1515266741,2,ECM
1515266896,2,ECM
1515266974,1,ECM
1515267447,1,ECM
1515267896,3,ECM
1515267945,30,ECM
1515268152,3,ECM
1515268428,10,ECM
1515268438,99,ECM
1515268568,2,ECM
1515268618,6,CORP
1515268686,6,CORP
1515268726,1,ECM
1515268829,3,ECM
1515268892,8,ECM
1515268901,2,ECM
1515269212,2,ECM
1515269311,2,ECM
1515269413,12,ECM
1515269485,4,ECM
1515269509,16,ECM
1515269510,3,ECM
1515269562,234,CORP
1515269594,1,ECM
1515269859,24,ECM
1515269862,26,ECM
1515270073,2,ECM
1515270081,12,ECM
1515270199,2,ECM
1515270225,2,ECM
1515270242,5,ECM
1515270292,3,ECM
1515270294,4,ECM
1515270298,4,ECM
1515270314,1,ECM
1515270328,2,ECM
1515270420,1,ECM
1515270638,2,ECM
1515270970,16,ECM
1515271003,1,ECM
1515271010,87,ECM
1515271015,2,ECM
1515271099,2,ECM
1515271160,70,ECM
1515271214,216,CORP
1515271255,2,ECM
1515271383,2,ECM
1515271492,42,ECM
1515271544,384,CORP
1515271599,30,CORP
1515271684,250,CORP
1515271708,1,ECM
1515271893,2,ECM
1515271894,26,ECM
1515271968,2,ECM
1515272048,150,ECM
1515272054,6,ECM
1515272071,25,ECM
1515272079,2,ECM
1515272132,30,ECM
1515272180,3,ECM
1515272220,20,ECM
1515272266,5,ECM
1515272431,2,ECM
1515272502,1,ECM
1515272503,2,ECM
1515272507,40,ECM
1515272573,3,ECM
1515272581,20,ECM
1515272668,2,ECM
1515272748,3,ECM
1515272775,2,ECM
1515273162,40,ECM
1515273183,1,ECM
1515273252,1,ECM
1515273266,2,ECM
1515273348,2,ECM
1515273915,2,ECM
1515274662,180,CORP
1515274714,2,ECM
1515274770,4,ECM
1515274781,2,ECM
1515274928,10,ECM
1515275170,2,ECM
1515275225,2,ECM
1515275239,1,ECM
1515275255,3,ECM
1515275308,1,ECM
1515275436,3,ECM
1515275454,90,CORP
1515275519,6,CORP
1515275566,2,ECM
1515275672,4,ECM
1515275696,38,ECM
1515275982,2,ECM
1515276062,2,ECM
1515276414,4,ECM
1515276551,60,ECM
1515276561,36,CORP
1515276837,3,ECM
1515276956,2,ECM
1515276957,3,ECM
1515276968,1,ECM
1515277213,1,ECM
1515277248,2,ECM
1515277300,1,ECM
1515278108,3,ECM
1515278159,1,ECM
1515278161,1,ECM
1515278210,1,ECM
1515278284,2,ECM
1515278649,2,ECM
1515278709,1,ECM
1515278729,2,ECM
1515278859,2,ECM
1515278973,4,ECM
1515278989,1,ECM
1515279179,1,ECM
1515279186,7,ECM
1515280035,2,ECM
1515280104,1,ECM
1515280352,1,ECM
1515280560,5,ECM
1515280570,1,ECM
1515280575,2,ECM
1515280622,1,ECM
1515280683,2,ECM
1515280736,3,ECM
1515280757,1,ECM
1515280805,1,ECM
1515280896,2,ECM
1515280912,2,ECM
1515281200,1,ECM
1515281230,1,ECM
1515281352,2,ECM
1515281384,2,ECM
1515281386,2,ECM
1515281442,3,ECM
1515281544,3,ECM
1515281689,5,ECM
1515281748,2,ECM
1515281783,1,ECM
1515281811,1,ECM
1515281817,1,ECM
1515281933,4,ECM
1515282396,2,ECM
1515282397,2,ECM
1515282601,3,ECM
1515282998,2,ECM
1515283267,18,CORP
1515282202,1,ECM
1515277405,1,ECM
1515275690,1,ECM
1515267220,1,ECM
30994018,1,ECM
1515265689,3,ECM
1515261119,1,ECM
1515260584,1,ECM
1515259060,1,ECM
1515258802,6,CORP
1515258766,3,ECM
1515258675,48,CORP
1515257480,12,CORP
1515257292,1,ECM
30993358,1,ECM
1515252242,14,CORP
1515232405,4,ECM
1515198302,12,CORP
9001055227,60,CORP
9001055231,4,CORP
9001055171,32,CORP
9001055204,32,CORP
9001055029,4,CORP
9001055052,2,CORP
9001055269,18,CORP
9001055044,6,CORP
9001055197,8,CORP
9001055397,4,CORP
9001055186,52,CORP
9001055285,8,CORP
9001055026,44,CORP
9001055041,24,CORP
9001055035,26,CORP
9001055296,6,CORP
9001055238,4,CORP
9001055363,16,CORP
9001055306,42,CORP
9001055256,6,CORP
9001055039,8,CORP
9001055378,6,CORP
9001055245,4,CORP
9001055277,30,CORP
9001055199,104,CORP
9001055314,4,CORP
9001055396,4,CORP
9001055301,12,CORP
9001055060,6,CORP
9001055251,4,CORP
9001055305,6,CORP
9001055193,128,CORP
9001055036,8,CORP
9001055292,12,CORP
9001055042,12,CORP
9001055376,6,CORP
9001055040,6,CORP
9001055024,8,CORP
9001055333,4,CORP
9001055188,4,CORP
9001055239,4,CORP
9001055027,8,CORP
9001055043,12,CORP
9001055022,8,CORP
9001055033,16,CORP
9001055313,4,CORP
9001055379,12,CORP
9001055218,56,CORP
9001055175,36,CORP
9001055254,12,CORP
9001055399,4,CORP
9001055288,24,CORP
9001055322,186,CORP
9001055303,4,CORP
9001055266,30,CORP
9001055177,40,CORP
9001055030,8,CORP
9001055395,4,CORP
9001055290,132,CORP
9001055373,28,CORP
9001055338,36,CORP
9001055049,6,CORP
9001055241,16,CORP
9001055374,42,CORP
9001055192,120,CORP
9001055255,6,CORP
9001055335,60,CORP
9001055220,164,CORP
9001055023,8,CORP
9001055214,16,CORP
9001055250,16,CORP
9001055267,6,CORP
9001055201,100,CORP
9001055375,18,CORP
9001055281,18,CORP
9001055377,140,CORP
9001055051,24,CORP
9001055213,96,CORP
9001055293,54,CORP
9001055287,18,CORP
9001055249,12,CORP
9001055246,16,CORP
9001055278,6,CORP
9001055242,12,CORP
9001055258,24,CORP
9001055270,6,CORP
9001055300,24,CORP
9001055179,72,CORP
9001055310,108,CORP
9001055207,20,CORP
9001055061,12,CORP
9001055272,24,CORP
9001055222,28,CORP
9001055216,12,CORP
9001055212,80,CORP
9001055276,6,CORP
9001055209,52,CORP
9001055056,12,CORP
9001055172,20,CORP
9001055054,18,CORP
9001055176,36,CORP
9001055232,8,CORP
9001055289,150,CORP
9001055038,4,CORP
9001055046,24,CORP
9001055174,44,CORP
9001055252,12,CORP
9001055302,126,CORP
9001055280,12,CORP
9001055315,54,CORP
9001055226,8,CORP
9001055243,44,CORP
9001055371,400,CORP
9001055037,16,CORP
9001055187,8,CORP
9001055190,52,CORP
9001055221,44,CORP
9001055298,6,CORP
9001055282,12,CORP
9001055291,24,CORP
9001055260,6,CORP
9001055264,18,CORP
9001055337,18,CORP
9001055235,4,CORP
9001055247,12,CORP
9001055295,12,CORP
9001055182,164,CORP
9001055273,12,CORP
9001055047,24,CORP
9001055393,12,CORP
9001055223,20,CORP
9001055195,88,CORP
9001055311,180,CORP
9001055365,6,CORP
9001055274,6,CORP
9001055032,8,CORP
9001055257,6,CORP
9001055401,4,CORP
9001055386,42,CORP
9001055196,16,CORP
9001055210,296,CORP
9001055265,84,CORP
9001055364,12,CORP
9001055185,40,CORP
9001055234,16,CORP
9001055259,6,CORP
9001055334,12,CORP
9001055028,4,CORP
9001055219,276,CORP
9001055031,32,CORP
9001055271,12,CORP
9001055205,40,CORP
9001055402,4,CORP
9001055225,40,CORP
9001055261,6,CORP
9001055208,8,CORP
9001055286,12,CORP
9001055398,108,CORP
9001055007,4,CORP
9001055191,144,CORP
9001055217,36,CORP
9001055203,40,CORP
9001055055,6,CORP
9001055336,18,CORP
9001055183,6,CORP
9001055244,24,CORP
9001055178,48,CORP
9001055362,6,CORP
9001055058,8,CORP
9001055237,4,CORP
9001055211,44,CORP
9001055200,12,CORP
9001055262,30,CORP
9001055233,4,CORP
9001055372,6,CORP
9001055050,6,CORP
9001055053,24,CORP
9001055236,8,CORP
9001055279,6,CORP
9001055063,18,CORP
9001055184,40,CORP
9001055294,24,CORP
9001055268,36,CORP
9001055299,24,CORP
9001055253,6,CORP
9001055045,6,CORP
9001055304,6,CORP
9001055297,18,CORP
9001055062,48,CORP
9001055263,30,CORP
9001055400,14,CORP
9001055048,6,CORP
9001055275,18,CORP
9001055240,12,CORP
9001055198,12,CORP
9001055173,116,CORP
9001055034,52,CORP
9001055248,40,CORP
9001055025,12,CORP
9001055447,4,CORP
9001055444,292,CORP
9001055442,536,CORP
9001055454,66,CORP
9001055443,36,CORP
9001055449,6,CORP
9001055445,12,CORP
9001055451,220,CORP
9001055452,76,CORP
9001055450,12,CORP
9001055448,48,CORP
9001055453,6,CORP
9001055320,24,CORP
9001055309,54,CORP
9001055316,6,CORP
9001055387,12,CORP
9001055319,6,CORP
9001055312,30,CORP
9001055321,8,CORP
9001055317,6,CORP
9001055323,30,CORP
9001055324,6,CORP
9001055318,54,CORP
9001055057,24,CORP
9001055307,60,CORP
9001055284,66,CORP
9001055283,18,CORP
9001055380,18,CORP
9001055384,12,CORP
9001055382,24,CORP
9001055383,24,CORP
9001055385,12,CORP
9001055308,24,CORP
9001055381,6,CORP
9001054994,104,CORP
9001055021,24,CORP
9001055020,8,CORP
9001055019,4,CORP
9001055018,4,CORP
9001055017,12,CORP
9001055016,16,CORP
9001055015,92,CORP
9001055014,4,CORP
9001055013,16,CORP
9001055011,20,CORP
9001055010,4,CORP
9001055009,4,CORP
9001055006,196,CORP
9001055005,320,CORP
9001055002,4,CORP
9001055001,184,CORP
9001055000,4,CORP
9001054986,4,CORP
9001054985,4,CORP
9001054983,4,CORP
1515024744,318,CORP
1514748642,300,CORP
1514848162,300,CORP
1515288026,125,CORP
1515166575,100,CORP
1515166666,100,CORP
1515166679,100,CORP
1515167858,100,CORP
1515170316,100,CORP
1515171051,100,CORP
1515173134,100,CORP
1515173507,100,CORP
1515182577,100,CORP
1515187062,100,CORP
1515187152,100,CORP
1515194974,100,CORP
1515195356,100,CORP
1515195941,100,CORP
1515198105,100,CORP
1515199197,100,CORP
1515199525,100,CORP
1515285928,99,ECM
1515292365,75,ECM
1515294642,75,ECM
1515269268,70,CORP
1515286933,70,ECM
1515315466,64,ECM
1515317804,60,ECM
1515320967,60,ECM
1514472611,54,CORP
1515247604,54,CORP
1515285950,50,ECM
1515287372,50,ECM
1515289254,50,ECM
1515289337,50,ECM
1515289731,50,ECM
1515291817,50,ECM
1515292686,50,ECM
1515314647,50,ECM
1515086141,48,CORP
1515286987,45,ECM
1515289510,45,ECM
1515290878,45,ECM
1515315991,43,ECM
1515286847,42,ECM
1515287534,41,ECM
1515285626,40,ECM
1515286150,40,ECM
1515292003,40,ECM
1515292280,40,ECM
1515290470,38,ECM
1515322196,37,ECM
1515285260,36,ECM
1515289514,36,ECM
1515286940,35,ECM
1515288023,35,ECM
1515320386,34,ECM
1515285170,31,ECM
30993806,30,ECM
1515286704,30,ECM
1515287358,30,ECM
1515288437,30,ECM
1515288490,30,ECM
1515290716,30,ECM
1515292092,30,ECM
1515300469,30,ECM
1515301933,30,ECM
1515307161,30,ECM
1515291509,29,ECM
1515295619,28,ECM
1515284716,27,ECM
1515285917,27,ECM
1515288791,27,ECM
1515285933,26,ECM
1515322004,26,ECM
1515109000,25,CORP
1515285544,25,ECM
1515286581,25,ECM
1515288745,25,ECM
1515291747,25,ECM
1515314924,25,ECM
1515316386,25,ECM
1515285412,24,ECM
1515286419,24,ECM
1515287276,24,ECM
1515289155,24,ECM
1515289668,24,ECM
1515293478,24,ECM
1515304632,24,ECM
1515306355,24,ECM
1515321387,24,ECM
1515290736,22,ECM
1515285570,20,ECM
1515285918,20,ECM
1515290019,20,CORP
1515291929,20,ECM
1515294166,20,ECM
1515299421,20,ECM
1515300643,20,ECM
1515284573,19,ECM
1515286014,19,ECM
1515291890,19,ECM
1515296121,19,ECM
1515284768,18,ECM
1515286842,18,ECM
1515287463,18,ECM
1515290032,18,CORP
1515299203,18,ECM
1515302395,18,ECM
1515317089,17,ECM
1515284338,16,ECM
1515303227,16,ECM
1515315730,16,ECM
1515316569,16,ECM
1515316803,16,ECM
1515283154,15,ECM
1515284629,15,ECM
1515284672,15,ECM
1515287527,15,ECM
1515287629,15,ECM
1515287894,15,ECM
1515288265,15,ECM
1515312111,15,ECM
1515317279,15,ECM
1515284337,14,ECM
1515290217,14,ECM
1515292000,14,ECM
1515292482,14,ECM
1515295902,14,ECM
1515297743,14,ECM
1515312386,14,ECM
1515313681,14,ECM
1515321861,14,ECM
1515283990,13,ECM
1515291302,13,ECM
1515300803,13,ECM
1515302715,13,ECM
1515305058,13,ECM
1515311389,13,ECM
1515319066,13,ECM
1515232367,12,CORP
1515286594,12,ECM
1515286941,12,ECM
1515287206,12,ECM
1515288174,12,ECM
1515291090,12,ECM
1515292001,12,ECM
1515295825,12,ECM
1515304349,12,ECM
1515305146,12,ECM
1515312053,12,ECM
1515318774,12,ECM
1515319359,12,ECM
1515321569,12,ECM
1515321829,12,ECM
1515322679,12,ECM
1515323705,12,ECM
1515287759,11,ECM
1515290073,11,ECM
1515293333,11,ECM
1515295014,11,ECM
1515295358,11,ECM
1515297024,11,ECM
1515306190,11,ECM
1515311847,11,ECM
1515320087,11,ECM
1515284620,10,ECM
1515286374,10,ECM
1515287191,10,ECM
1515288089,10,ECM
1515289178,10,ECM
1515289272,10,ECM
1515289669,10,ECM
1515290602,10,ECM
1515290813,10,ECM
1515291567,10,ECM
1515291940,10,ECM
1515294933,10,ECM
1515296240,10,ECM
1515299274,10,ECM
1515299772,10,ECM
1515304956,10,ECM
1515306249,10,ECM
1515311254,10,ECM
1515313727,10,ECM
1515318076,10,ECM
1515320025,10,ECM
1515322836,10,ECM
1515323912,10,ECM
1515277040,9,ECM
1515287919,9,ECM
1515291376,9,ECM
1515293103,9,ECM
1515293878,9,ECM
1515295046,9,ECM
1515296266,9,ECM
1515304166,9,ECM
1515305324,9,ECM
1515311428,9,ECM
1515312161,9,ECM
1515313178,9,ECM
1515313870,9,ECM
1515316509,9,ECM
1515318153,9,ECM
1515319289,9,ECM
1515319836,9,ECM
1515321670,9,ECM
1515322495,9,ECM
1515322621,9,ECM
1515323597,9,ECM
1515284200,8,ECM
1515285270,8,ECM
1515285872,8,ECM
1515286445,8,ECM
1515288609,8,ECM
1515289356,8,ECM
1515290238,8,ECM
1515290731,8,ECM
1515294376,8,ECM
1515295915,8,ECM
1515298605,8,ECM
1515300183,8,ECM
1515301556,8,ECM
1515303256,8,ECM
1515305223,8,ECM
1515305233,8,ECM
1515305503,8,ECM
1515311994,8,ECM
1515312686,8,ECM
1515313825,8,ECM
1515314481,8,ECM
1515314841,8,ECM
1515317069,8,ECM
1515318772,8,ECM
1515319518,8,ECM
1515321255,8,ECM
1515278922,7,ECM
1515285573,7,ECM
1515289186,7,ECM
1515289500,7,ECM
1515289825,7,ECM
1515293127,7,ECM
1515295055,7,ECM
1515295362,7,ECM
1515295423,7,ECM
1515300632,7,ECM
1515300885,7,ECM
1515301942,7,ECM
1515302234,7,ECM
1515305436,7,ECM
1515311271,7,ECM
1515311836,7,ECM
1515312928,7,ECM
1515314312,7,ECM
1515314681,7,ECM
1515316299,7,ECM
1515319907,7,ECM
1515320794,7,ECM
1515320894,7,ECM
1515321677,7,ECM
1515322738,7,ECM
30994916,6,ECM
1515157841,6,CORP
1515278357,6,ECM
1515284377,6,ECM
1515284528,6,ECM
1515284829,6,ECM
1515285491,6,ECM
1515285731,6,ECM
1515285991,6,ECM
1515286003,6,ECM
1515287654,6,ECM
1515288073,6,ECM
1515288961,6,ECM
1515289440,6,ECM
1515289663,6,ECM
1515289794,6,ECM
1515290416,6,ECM
1515290675,6,ECM
1515290710,6,ECM
1515291242,6,ECM
1515292580,6,ECM
1515294078,6,ECM
1515294378,6,ECM
1515294391,6,ECM
1515294643,6,ECM
1515294773,6,ECM
1515295534,6,ECM
1515295676,6,ECM
1515297412,6,ECM
1515298613,6,ECM
1515298921,6,ECM
1515300379,6,ECM
1515301485,6,ECM
1515301760,6,ECM
1515301936,6,ECM
1515302139,6,ECM
1515302211,6,ECM
1515302293,6,ECM
1515302396,6,ECM
1515303074,6,ECM
1515303990,6,ECM
1515304333,6,ECM
1515305067,6,ECM
1515305068,6,ECM
1515305769,6,ECM
1515307698,6,ECM
1515307990,6,ECM
1515311841,6,ECM
1515311944,6,ECM
1515312061,6,ECM
1515312265,6,ECM
1515313008,6,ECM
1515313095,6,ECM
1515313832,6,ECM
1515313959,6,ECM
1515314540,6,ECM
1515314580,6,ECM
1515314825,6,ECM
1515314955,6,ECM
1515315450,6,ECM
1515315983,6,ECM
1515316679,6,ECM
1515316984,6,ECM
1515317528,6,ECM
1515317711,6,ECM
1515318147,6,ECM
1515318523,6,ECM
1515318538,6,ECM
1515318777,6,ECM
1515318869,6,ECM
1515318922,6,ECM
1515319531,6,ECM
1515319786,6,ECM
1515320359,6,ECM
1515320501,6,ECM
1515321227,6,ECM
1515321504,6,ECM
1515321839,6,ECM
30994802,5,ECM
1515284896,5,ECM
1515284930,5,ECM
1515285431,5,ECM
1515285725,5,ECM
1515285944,5,ECM
1515286146,5,ECM
1515287270,5,ECM
1515291317,5,ECM
1515291608,5,ECM
1515291735,5,ECM
1515291939,5,ECM
1515292500,5,ECM
1515293055,5,ECM
1515295501,5,ECM
1515295741,5,ECM
1515295904,5,ECM
1515297379,5,ECM
1515298203,5,ECM
1515300175,5,ECM
1515300975,5,ECM
1515301912,5,ECM
1515302138,5,ECM
1515302718,5,ECM
1515303606,5,ECM
1515304156,5,ECM
1515304997,5,ECM
1515305945,5,ECM
1515306026,5,ECM
1515306438,5,ECM
1515306949,5,ECM
1515307097,5,ECM
1515307332,5,ECM
1515311667,5,ECM
1515312092,5,ECM
1515312522,5,ECM
1515312682,5,ECM
1515313506,5,ECM
1515313514,5,ECM
1515315355,5,ECM
1515316144,5,ECM
1515316902,5,ECM
1515318999,5,ECM
1515319891,5,ECM
1515319984,5,ECM
1515320627,5,ECM
1515320906,5,ECM
1515322193,5,ECM
1515322691,5,ECM
1515323655,5,ECM
1515323787,5,ECM
1515324252,5,ECM
1515324442,5,ECM
30994992,4,ECM
1515153972,4,ECM
1515274795,4,ECM
1515284130,4,ECM
1515284241,4,ECM
1515284416,4,ECM
1515284471,4,ECM
1515284517,4,ECM
1515284671,4,ECM
1515284770,4,ECM
1515284920,4,ECM
1515285489,4,ECM
1515285805,4,ECM
1515286085,4,ECM
1515286331,4,ECM
1515286593,4,ECM
1515286991,4,ECM
1515287443,4,ECM
1515287642,4,ECM
1515287914,4,ECM
1515288017,4,ECM
1515288356,4,ECM
1515289339,4,ECM
1515289522,4,ECM
1515289736,4,ECM
1515289812,4,ECM
1515290406,4,ECM
1515290654,4,ECM
1515290712,4,ECM
1515290882,4,ECM
1515291443,4,ECM
1515291510,4,ECM
1515292230,4,ECM
1515292687,4,ECM
1515292838,4,ECM
1515292907,4,ECM
1515293269,4,ECM
1515293471,4,ECM
1515293599,4,ECM
1515293610,4,ECM
1515294432,4,ECM
1515294473,4,ECM
1515294743,4,ECM
1515294811,4,ECM
1515294885,4,ECM
1515294930,4,ECM
1515294942,4,ECM
1515295363,4,ECM
1515295591,4,ECM
1515296379,4,ECM
1515296427,4,ECM
1515296501,4,ECM
1515296830,4,ECM
1515297176,4,ECM
1515297836,4,ECM
1515298064,4,ECM
1515300261,4,ECM
1515300349,4,ECM
1515300695,4,ECM
1515301151,4,ECM
1515302134,4,ECM
1515302196,4,ECM
1515302477,4,ECM
1515302621,4,ECM
1515302789,4,ECM
1515303419,4,ECM
1515303433,4,ECM
1515303987,4,ECM
1515304256,4,ECM
1515304967,4,ECM
1515304992,4,ECM
1515305002,4,ECM
1515305519,4,ECM
1515305693,4,ECM
1515305778,4,ECM
1515306109,4,ECM
1515306156,4,ECM
1515306266,4,ECM
1515307280,4,ECM
1515307351,4,ECM
1515307659,4,ECM
1515307784,4,ECM
1515311188,4,ECM
1515311413,4,ECM
1515311464,4,ECM
1515311515,4,ECM
1515311525,4,ECM
1515311657,4,ECM
1515311712,4,ECM
1515311837,4,ECM
1515312195,4,ECM
1515312336,4,ECM
1515312640,4,ECM
1515312845,4,ECM
1515312989,4,ECM
1515314174,4,ECM
1515314423,4,ECM
1515314482,4,ECM
1515314859,4,ECM
1515314984,4,ECM
1515315552,4,ECM
1515315706,4,ECM
1515315872,4,ECM
1515316410,4,ECM
1515316588,4,ECM
1515316749,4,ECM
1515317193,4,ECM
1515317197,4,ECM
1515317390,4,ECM
1515317606,4,ECM
1515317692,4,ECM
1515317886,4,ECM
1515317918,4,ECM
1515318139,4,ECM
1515318373,4,ECM
1515318553,4,ECM
1515318811,4,ECM
1515318864,4,ECM
1515318925,4,ECM
1515318944,4,ECM
1515319441,4,ECM
1515319533,4,ECM
1515319730,4,ECM
1515319733,4,ECM
1515320384,4,ECM
1515320693,4,ECM
1515320785,4,ECM
1515320914,4,ECM
1515321222,4,ECM
1515321518,4,ECM
1515321594,4,ECM
1515321631,4,ECM
1515321654,4,ECM
1515321719,4,ECM
1515321735,4,ECM
1515321915,4,ECM
1515322024,4,ECM
1515322283,4,ECM
1515322378,4,ECM
1515322461,4,ECM
1515322574,4,ECM
1515322732,4,ECM
1515322770,4,ECM
1515322774,4,ECM
1515323649,4,ECM
1515323692,4,ECM
1515324345,4,ECM
1515324441,4,ECM
1515324498,4,ECM
30994601,3,ECM
30994830,3,ECM
30994982,3,ECM
1515265264,3,ECM
1515283840,3,ECM
1515283926,3,ECM
1515284202,3,ECM
1515284229,3,ECM
1515284374,3,ECM
1515284429,3,ECM
1515285320,3,ECM
1515285497,3,ECM
1515285586,3,ECM
1515285630,3,ECM
1515285978,3,ECM
1515286337,3,ECM
1515286339,3,ECM
1515286416,3,ECM
1515286567,3,ECM
1515286580,3,ECM
1515286602,3,ECM
1515287077,3,ECM
1515287094,3,ECM
1515287430,3,ECM
1515287553,3,ECM
1515287615,3,ECM
1515287817,3,ECM
1515287917,3,ECM
1515287918,3,ECM
1515287938,3,ECM
1515288177,3,ECM
1515288365,3,ECM
1515288543,3,ECM
1515288566,3,ECM
1515289445,3,ECM
1515290305,3,ECM
1515290389,3,ECM
1515290544,3,ECM
1515291101,3,ECM
1515291294,3,ECM
1515291311,3,ECM
1515291316,3,ECM
1515291379,3,ECM
1515291595,3,ECM
1515291601,3,ECM
1515291607,3,ECM
1515291671,3,ECM
1515292223,3,ECM
1515292279,3,ECM
1515292364,3,ECM
1515292463,3,ECM
1515292466,3,ECM
1515292486,3,ECM
1515292897,3,ECM
1515293091,3,ECM
1515293371,3,ECM
1515293659,3,ECM
1515294020,3,ECM
1515294064,3,ECM
1515294212,3,ECM
1515294279,3,ECM
1515294654,3,ECM
1515294687,3,ECM
1515295384,3,ECM
1515295558,3,ECM
1515295620,3,ECM
1515295642,3,ECM
1515295790,3,ECM
1515296023,3,ECM
1515296179,3,ECM
1515296231,3,ECM
1515296380,3,ECM
1515296436,3,ECM
1515296536,3,ECM
1515296829,3,ECM
1515297009,3,ECM
1515297091,3,ECM
1515297201,3,ECM
1515297480,3,ECM
1515297900,3,ECM
1515298065,3,ECM
1515298325,3,ECM
1515298326,3,ECM
1515298398,3,ECM
1515298666,3,ECM
1515298813,3,ECM
1515298814,3,ECM
1515298831,3,ECM
1515298913,3,ECM
1515299038,3,ECM
1515299175,3,ECM
1515299427,3,ECM
1515299677,3,ECM
1515299696,3,ECM
1515299755,3,ECM
1515299760,3,ECM
1515300432,3,ECM
1515300455,3,ECM
1515300542,3,ECM
1515301273,3,ECM
1515301472,3,ECM
1515301490,3,ECM
1515301745,3,ECM
1515302877,3,ECM
1515302888,3,ECM
1515302896,3,ECM
1515302906,3,ECM
1515303057,3,ECM
1515303618,3,ECM
1515303901,3,ECM
1515304251,3,ECM
1515304322,3,ECM
1515304457,3,ECM
1515304607,3,ECM
1515304900,3,ECM
1515305001,3,ECM
1515305141,3,ECM
1515305256,3,ECM
1515305410,3,ECM
1515305431,3,ECM
1515305437,3,ECM
1515305722,3,ECM
1515305936,3,ECM
1515306176,3,ECM
1515306265,3,ECM
1515306271,3,ECM
1515306338,3,ECM
1515306357,3,ECM
1515306573,3,ECM
1515306577,3,ECM
1515306780,3,ECM
1515306921,3,ECM
1515307099,3,ECM
1515307159,3,ECM
1515307216,3,ECM
1515307402,3,ECM
1515307580,3,ECM
1515308116,3,ECM
1515311230,3,ECM
1515311349,3,ECM
1515311396,3,ECM
1515311463,3,ECM
1515311507,3,ECM
1515311602,3,ECM
1515311812,3,ECM
1515311824,3,ECM
1515311830,3,ECM
1515311834,3,ECM
1515311953,3,ECM
1515312221,3,ECM
1515312240,3,ECM
1515312639,3,ECM
1515312732,3,ECM
1515312740,3,ECM
1515312817,3,ECM
1515312981,3,ECM
1515313021,3,ECM
1515313099,3,ECM
1515313188,3,ECM
1515313400,3,ECM
1515313529,3,ECM
1515313845,3,ECM
1515313858,3,ECM
1515313925,3,ECM
1515313926,3,ECM
1515313955,3,ECM
1515313962,3,ECM
1515314104,3,ECM
1515314245,3,ECM
1515314345,3,ECM
1515314472,3,ECM
1515314564,3,ECM
1515314735,3,ECM
1515314854,3,ECM
1515314921,3,ECM
1515314951,3,ECM
1515314982,3,ECM
1515315169,3,ECM
1515315177,3,ECM
1515315332,3,ECM
1515315340,3,ECM
1515315558,3,ECM
1515315886,3,ECM
1515316413,3,ECM
1515316484,3,ECM
1515316726,3,ECM
1515316727,3,ECM
1515316891,3,ECM
1515317201,3,ECM
1515317277,3,ECM
1515317452,3,ECM
1515317679,3,ECM
1515317825,3,ECM
1515317893,3,ECM
1515317911,3,ECM
1515318005,3,ECM
1515318006,3,ECM
1515318211,3,ECM
1515318293,3,ECM
1515318930,3,ECM
1515319189,3,ECM
1515319524,3,ECM
1515319668,3,ECM
1515319899,3,ECM
1515320435,3,ECM
1515320778,3,ECM
1515320780,3,ECM
1515320851,3,ECM
1515320917,3,ECM
1515320964,3,ECM
1515321115,3,ECM
1515321251,3,ECM
1515321301,3,ECM
1515321582,3,ECM
1515321628,3,ECM
1515321732,3,ECM
1515321911,3,ECM
1515321961,3,ECM
1515322179,3,ECM
1515322464,3,ECM
1515322598,3,ECM
1515322766,3,ECM
1515323595,3,ECM
1515323599,3,ECM
1515323720,3,ECM
1515323981,3,ECM
1515324208,3,ECM
1515324285,3,ECM
1515324300,3,ECM
1515324342,3,ECM
1515324385,3,ECM
30994400,2,ECM
30994687,2,ECM
30994804,2,ECM
30994855,2,ECM
30994940,2,ECM
30994995,2,ECM
1514970012,2,CORP
1515010452,2,ECM
1515273199,2,ECM
1515275010,2,ECM
1515279576,2,ECM
1515280231,2,ECM
1515282357,2,ECM
1515283191,2,ECM
1515283232,2,ECM
1515283254,2,ECM
1515283277,2,ECM
1515283409,2,ECM
1515283441,2,ECM
1515283789,2,ECM
1515283820,2,ECM
1515283885,2,ECM
1515283991,2,ECM
1515283998,2,ECM
1515283999,2,ECM
1515284001,2,ECM
1515284034,2,ECM
1515284127,2,ECM
1515284145,2,ECM
1515284177,2,ECM
1515284198,2,ECM
1515284227,2,ECM
1515284298,2,ECM
1515284340,2,ECM
1515284345,2,ECM
1515284371,2,ECM
1515284375,2,ECM
1515284381,2,ECM
1515284382,2,ECM
1515284463,2,ECM
1515284481,2,ECM
1515284484,2,ECM
1515284512,2,ECM
1515284590,2,ECM
1515284626,2,ECM
1515284683,2,ECM
1515284687,2,ECM
1515284688,2,ECM
1515284691,2,ECM
1515284721,2,ECM
1515284766,2,ECM
1515284778,2,ECM
1515284819,2,ECM
1515284823,2,ECM
1515284834,2,ECM
1515284835,2,ECM
1515284866,2,ECM
1515284953,2,ECM
1515284992,2,ECM
1515284994,2,ECM
1515285004,2,ECM
1515285005,2,ECM
1515285053,2,ECM
1515285060,2,ECM
1515285104,2,ECM
1515285112,2,ECM
1515285113,2,ECM
1515285123,2,ECM
1515285127,2,ECM
1515285172,2,ECM
1515285196,2,ECM
1515285198,2,ECM
1515285280,2,ECM
1515285315,2,ECM
1515285334,2,ECM
1515285343,2,ECM
1515285345,2,ECM
1515285378,2,ECM
1515285383,2,ECM
1515285429,2,ECM
1515285476,2,ECM
1515285487,2,ECM
1515285580,2,ECM
1515285685,2,ECM
1515285691,2,ECM
1515285694,2,ECM
1515285705,2,ECM
1515285728,2,ECM
1515285798,2,ECM
1515285811,2,ECM
1515285855,2,ECM
1515285882,2,ECM
1515285914,2,ECM
1515285915,2,ECM
1515285916,2,ECM
1515285940,2,ECM
1515286005,2,ECM
1515286054,2,ECM
1515286061,2,ECM
1515286157,2,ECM
1515286194,2,ECM
1515286269,2,ECM
1515286293,2,ECM
1515286336,2,ECM
1515286364,2,ECM
1515286406,2,ECM
1515286444,2,ECM
1515286494,2,ECM
1515286576,2,ECM
1515286592,2,ECM
1515286636,2,ECM
1515286640,2,ECM
1515286642,2,ECM
1515286656,2,ECM
1515286657,2,ECM
1515286741,2,ECM
1515286746,2,ECM
1515286909,2,ECM
1515286923,2,ECM
1515287079,2,ECM
1515287101,2,ECM
1515287105,2,ECM
1515287182,2,ECM
1515287185,2,ECM
1515287195,2,ECM
1515287208,2,ECM
1515287249,2,ECM
1515287250,2,ECM
1515287254,2,ECM
1515287261,2,ECM
1515287268,2,ECM
1515287283,2,ECM
1515287348,2,ECM
1515287353,2,ECM
1515287368,2,ECM
1515287385,2,ECM
1515287390,2,ECM
1515287444,2,ECM
1515287460,2,ECM
1515287539,2,ECM
1515287548,2,ECM
1515287639,2,ECM
1515287737,2,ECM
1515287825,2,ECM
1515287902,2,ECM
1515287916,2,ECM
1515287926,2,ECM
1515287933,2,ECM
1515287939,2,ECM
1515287942,2,ECM
1515287949,2,ECM
1515288074,2,ECM
1515288095,2,ECM
1515288114,2,ECM
1515288166,2,ECM
1515288170,2,ECM
1515288176,2,ECM
1515288270,2,ECM
1515288284,2,ECM
1515288338,2,ECM
1515288362,2,ECM
1515288410,2,ECM
1515288440,2,ECM
1515288489,2,ECM
1515288548,2,ECM
1515288661,2,ECM
1515288672,2,ECM
1515288750,2,ECM
1515288796,2,ECM
1515288821,2,ECM
1515288822,2,ECM
1515288860,2,ECM
1515288936,2,ECM
1515288972,2,ECM
1515289007,2,ECM
1515289022,2,ECM
1515289175,2,ECM
1515289263,2,ECM
1515289326,2,ECM
1515289338,2,ECM
1515289347,2,ECM
1515289505,2,ECM
1515289521,2,ECM
1515289556,2,ECM
1515289564,2,ECM
1515289579,2,ECM
1515289657,2,ECM
1515289739,2,ECM
1515289817,2,ECM
1515289866,2,ECM
1515289890,2,ECM
1515289920,2,ECM
1515289980,2,ECM
1515290004,2,ECM
1515290054,2,ECM
1515290056,2,ECM
1515290067,2,ECM
1515290079,2,ECM
1515290138,2,ECM
1515290163,2,ECM
1515290213,2,ECM
1515290232,2,ECM
1515290248,2,ECM
1515290518,2,ECM
1515290584,2,ECM
1515290597,2,ECM
1515290653,2,ECM
1515290659,2,ECM
1515290662,2,ECM
1515290668,2,ECM
1515290714,2,ECM
1515290789,2,ECM
1515290811,2,ECM
1515290859,2,ECM
1515290869,2,ECM
1515290947,2,ECM
1515291095,2,ECM
1515291152,2,ECM
1515291167,2,ECM
1515291206,2,ECM
1515291216,2,ECM
1515291219,2,ECM
1515291295,2,ECM
1515291296,2,ECM
1515291358,2,ECM
1515291375,2,ECM
1515291520,2,ECM
1515291572,2,ECM
1515291651,2,ECM
1515291665,2,ECM
1515291667,2,ECM
1515291732,2,ECM
1515291743,2,ECM
1515292013,2,ECM
1515292076,2,ECM
1515292161,2,ECM
1515292217,2,ECM
1515292287,2,ECM
1515292297,2,ECM
1515292298,2,ECM
1515292347,2,ECM
1515292360,2,ECM
1515292371,2,ECM
1515292403,2,ECM
1515292545,2,ECM
1515292626,2,ECM
1515292631,2,ECM
1515292751,2,ECM
1515292758,2,ECM
1515292808,2,ECM
1515292818,2,ECM
1515292879,2,ECM
1515292880,2,ECM
1515292895,2,ECM
1515292916,2,ECM
1515292975,2,ECM
1515292977,2,ECM
1515293031,2,ECM
1515293033,2,ECM
1515293085,2,ECM
1515293128,2,ECM
1515293284,2,ECM
1515293327,2,ECM
1515293372,2,ECM
1515293375,2,ECM
1515293410,2,ECM
1515293454,2,ECM
1515293474,2,ECM
1515293537,2,ECM
1515293585,2,ECM
1515293597,2,ECM
1515293607,2,ECM
1515293642,2,ECM
1515293656,2,ECM
1515293692,2,ECM
1515293769,2,ECM
1515293779,2,ECM
1515293812,2,ECM
1515293823,2,ECM
1515293874,2,ECM
1515293923,2,ECM
1515293928,2,ECM
1515294007,2,ECM
1515294057,2,ECM
1515294061,2,ECM
1515294114,2,ECM
1515294127,2,ECM
1515294159,2,ECM
1515294170,2,ECM
1515294180,2,ECM
1515294211,2,ECM
1515294224,2,ECM
1515294227,2,ECM
1515294231,2,ECM
1515294268,2,ECM
1515294323,2,ECM
1515294424,2,ECM
1515294589,2,ECM
1515294682,2,ECM
1515294699,2,ECM
1515294726,2,ECM
1515294744,2,ECM
1515294753,2,ECM
1515294779,2,ECM
1515294787,2,ECM
1515294801,2,ECM
1515294854,2,ECM
1515294887,2,ECM
1515294905,2,ECM
1515294952,2,ECM
1515294954,2,ECM
1515294979,2,ECM
1515295000,2,ECM
1515295037,2,ECM
1515295103,2,ECM
1515295117,2,ECM
1515295166,2,ECM
1515295181,2,ECM
1515295196,2,ECM
1515295203,2,ECM
1515295209,2,ECM
1515295221,2,ECM
1515295224,2,ECM
1515295257,2,ECM
1515295269,2,ECM
1515295270,2,ECM
1515295303,2,ECM
1515295310,2,ECM
1515295475,2,ECM
1515295498,2,ECM
1515295503,2,ECM
1515295570,2,ECM
1515295572,2,ECM
1515295713,2,ECM
1515295756,2,ECM
1515295792,2,ECM
1515295796,2,ECM
1515295931,2,ECM
1515295959,2,ECM
1515296041,2,ECM
1515296091,2,ECM
1515296138,2,ECM
1515296161,2,ECM
1515296162,2,ECM
1515296177,2,ECM
1515296248,2,ECM
1515296250,2,ECM
1515296271,2,ECM
1515296290,2,ECM
1515296312,2,ECM
1515296334,2,ECM
1515296430,2,ECM
1515296444,2,ECM
1515296484,2,ECM
1515296502,2,ECM
1515296503,2,ECM
1515296663,2,ECM
1515296718,2,ECM
1515296734,2,ECM
1515296820,2,ECM
1515296839,2,ECM
1515296873,2,ECM
1515296878,2,ECM
1515296895,2,ECM
1515296938,2,ECM
1515296958,2,ECM
1515296980,2,ECM
1515296994,2,ECM
1515297007,2,ECM
1515297130,2,ECM
1515297163,2,ECM
1515297180,2,ECM
1515297257,2,ECM
1515297320,2,ECM
1515297337,2,ECM
1515297342,2,ECM
1515297378,2,ECM
1515297446,2,ECM
1515297495,2,ECM
1515297564,2,ECM
1515297581,2,ECM
1515297699,2,ECM
1515297716,2,ECM
1515297756,2,ECM
1515297801,2,ECM
1515297826,2,ECM
1515297840,2,ECM
1515297902,2,ECM
1515297909,2,ECM
1515297945,2,ECM
1515297961,2,ECM
1515298017,2,ECM
1515298060,2,ECM
1515298113,2,ECM
1515298118,2,ECM
1515298129,2,ECM
1515298175,2,ECM
1515298185,2,ECM
1515298252,2,ECM
1515298263,2,ECM
1515298285,2,ECM
1515298338,2,ECM
1515298359,2,ECM
1515298450,2,ECM
1515298452,2,ECM
1515298514,2,ECM
1515298524,2,ECM
1515298589,2,ECM
1515298609,2,ECM
1515298610,2,ECM
1515298611,2,ECM
1515298657,2,ECM
1515298661,2,ECM
1515298742,2,ECM
1515298872,2,ECM
1515298917,2,ECM
1515299099,2,ECM
1515299126,2,ECM
1515299170,2,ECM
1515299205,2,ECM
1515299319,2,ECM
1515299326,2,ECM
1515299424,2,ECM
1515299426,2,ECM
1515299474,2,ECM
1515299497,2,ECM
1515299503,2,ECM
1515299509,2,ECM
1515299669,2,ECM
1515299778,2,ECM
1515299954,2,ECM
1515299965,2,ECM
1515299966,2,ECM
1515299979,2,ECM
1515299980,2,ECM
1515300085,2,ECM
1515300133,2,ECM
1515300158,2,ECM
1515300230,2,ECM
1515300269,2,ECM
1515300339,2,ECM
1515300364,2,ECM
1515300429,2,ECM
1515300434,2,ECM
1515300453,2,ECM
1515300546,2,ECM
1515300555,2,ECM
1515300620,2,ECM
1515300723,2,ECM
1515300808,2,ECM
1515300820,2,ECM
1515300889,2,ECM
1515300994,2,ECM
1515301148,2,ECM
1515301161,2,ECM
1515301358,2,ECM
1515301467,2,ECM
1515301489,2,ECM
1515301577,2,ECM
1515301654,2,ECM
1515301663,2,ECM
1515301677,2,ECM
1515301739,2,ECM
1515301755,2,ECM
1515301763,2,ECM
1515301839,2,ECM
1515301843,2,ECM
1515301907,2,ECM
1515301918,2,ECM
1515302022,2,ECM
1515302048,2,ECM
1515302104,2,ECM
1515302110,2,ECM
1515302129,2,ECM
1515302203,2,ECM
1515302216,2,ECM
1515302228,2,ECM
1515302326,2,ECM
1515302402,2,ECM
1515302407,2,ECM
1515302459,2,ECM
1515302469,2,ECM
1515302728,2,ECM
1515302799,2,ECM
1515302804,2,ECM
1515302901,2,ECM
1515303084,2,ECM
1515303142,2,ECM
1515303143,2,ECM
1515303149,2,ECM
1515303153,2,ECM
1515303163,2,ECM
1515303445,2,ECM
1515303503,2,ECM
1515303504,2,ECM
1515303513,2,ECM
1515303666,2,ECM
1515303693,2,ECM
1515303702,2,ECM
1515303712,2,ECM
1515303792,2,ECM
1515303804,2,ECM
1515303867,2,ECM
1515303879,2,ECM
1515303899,2,ECM
1515303904,2,ECM
1515303989,2,ECM
1515304086,2,ECM
1515304146,2,ECM
1515304158,2,ECM
1515304161,2,ECM
1515304171,2,ECM
1515304185,2,ECM
1515304255,2,ECM
1515304353,2,ECM
1515304430,2,ECM
1515304461,2,ECM
1515304462,2,ECM
1515304464,2,ECM
1515304527,2,ECM
1515304611,2,ECM
1515304633,2,ECM
1515304692,2,ECM
1515304727,2,ECM
1515304732,2,ECM
1515304821,2,ECM
1515304883,2,ECM
1515304897,2,ECM
1515304957,2,ECM
1515304959,2,ECM
1515304985,2,ECM
1515304993,2,ECM
1515305055,2,ECM
1515305059,2,ECM
1515305132,2,ECM
1515305219,2,ECM
1515305306,2,ECM
1515305338,2,ECM
1515305405,2,ECM
1515305411,2,ECM
1515305425,2,ECM
1515305687,2,ECM
1515305774,2,ECM
1515305787,2,ECM
1515305791,2,ECM
1515305798,2,ECM
1515305867,2,ECM
1515306019,2,ECM
1515306096,2,ECM
1515306189,2,ECM
1515306255,2,ECM
1515306336,2,ECM
1515306350,2,ECM
1515306414,2,ECM
1515306428,2,ECM
1515306479,2,ECM
1515306493,2,ECM
1515306551,2,ECM
1515306631,2,ECM
1515306637,2,ECM
1515306643,2,ECM
1515306710,2,ECM
1515306722,2,ECM
1515306789,2,ECM
1515306856,2,ECM
1515307004,2,ECM
1515307010,2,ECM
1515307012,2,ECM
1515307068,2,ECM
1515307074,2,ECM
1515307088,2,ECM
1515307206,2,ECM
1515307209,2,ECM
1515307234,2,ECM
1515307235,2,ECM
1515307295,2,ECM
1515307296,2,ECM
1515307325,2,ECM
1515307389,2,ECM
1515307438,2,ECM
1515307499,2,ECM
1515307563,2,ECM
1515307566,2,ECM
1515307573,2,ECM
1515307575,2,ECM
1515307588,2,ECM
1515307592,2,ECM
1515307593,2,ECM
1515307643,2,ECM
1515307650,2,ECM
1515307666,2,ECM
1515307708,2,ECM
1515307713,2,ECM
1515307775,2,ECM
1515307780,2,ECM
1515307961,2,ECM
1515307962,2,ECM
1515307968,2,ECM
1515307996,2,ECM
1515308084,2,ECM
1515308085,2,ECM
1515308101,2,ECM
1515308105,2,ECM
1515308160,2,ECM
1515308177,2,ECM
1515311115,2,ECM
1515311168,2,ECM
1515311169,2,ECM
1515311235,2,ECM
1515311248,2,ECM
1515311256,2,ECM
1515311341,2,ECM
1515311369,2,ECM
1515311371,2,ECM
1515311399,2,ECM
1515311400,2,ECM
1515311407,2,ECM
1515311441,2,ECM
1515311483,2,ECM
1515311490,2,ECM
1515311503,2,ECM
1515311505,2,ECM
1515311546,2,ECM
1515311557,2,ECM
1515311562,2,ECM
1515311563,2,ECM
1515311654,2,ECM
1515311668,2,ECM
1515311669,2,ECM
1515311676,2,ECM
1515311678,2,ECM
1515311705,2,ECM
1515311714,2,ECM
1515311801,2,ECM
1515311822,2,ECM
1515311825,2,ECM
1515311826,2,ECM
1515311829,2,ECM
1515311846,2,ECM
1515311941,2,ECM
1515311951,2,ECM
1515311954,2,ECM
1515311957,2,ECM
1515311958,2,ECM
1515311984,2,ECM
1515312043,2,ECM
1515312082,2,ECM
1515312150,2,ECM
1515312155,2,ECM
1515312168,2,ECM
1515312172,2,ECM
1515312185,2,ECM
1515312187,2,ECM
1515312200,2,ECM
1515312209,2,ECM
1515312210,2,ECM
1515312216,2,ECM
1515312259,2,ECM
1515312285,2,ECM
1515312292,2,ECM
1515312298,2,ECM
1515312305,2,ECM
1515312313,2,ECM
1515312319,2,ECM
1515312339,2,ECM
1515312356,2,ECM
1515312388,2,ECM
1515312431,2,ECM
1515312449,2,ECM
1515312471,2,ECM
1515312476,2,ECM
1515312477,2,ECM
1515312480,2,ECM
1515312492,2,ECM
1515312505,2,ECM
1515312512,2,ECM
1515312542,2,ECM
1515312543,2,ECM
1515312549,2,ECM
1515312574,2,ECM
1515312617,2,ECM
1515312637,2,ECM
1515312664,2,ECM
1515312691,2,ECM
1515312702,2,ECM
1515312717,2,ECM
1515312736,2,ECM
1515312739,2,ECM
1515312750,2,ECM
1515312755,2,ECM
1515312756,2,ECM
1515312765,2,ECM
1515312826,2,ECM
1515312851,2,ECM
1515312870,2,ECM
1515312887,2,ECM
1515312890,2,ECM
1515312894,2,ECM
1515312933,2,ECM
1515312944,2,ECM
1515312960,2,ECM
1515312993,2,ECM
1515313002,2,ECM
1515313029,2,ECM
1515313044,2,ECM
1515313046,2,ECM
1515313065,2,ECM
1515313083,2,ECM
1515313105,2,ECM
1515313112,2,ECM
1515313126,2,ECM
1515313134,2,ECM
1515313156,2,ECM
1515313163,2,ECM
1515313173,2,ECM
1515313184,2,ECM
1515313235,2,ECM
1515313244,2,ECM
1515313285,2,ECM
1515313289,2,ECM
1515313304,2,ECM
1515313306,2,ECM
1515313315,2,ECM
1515313325,2,ECM
1515313343,2,ECM
1515313345,2,ECM
1515313365,2,ECM
1515313378,2,ECM
1515313385,2,ECM
1515313396,2,ECM
1515313425,2,ECM
1515313428,2,ECM
1515313441,2,ECM
1515313447,2,ECM
1515313477,2,ECM
1515313499,2,ECM
1515313536,2,ECM
1515313545,2,ECM
1515313554,2,ECM
1515313563,2,ECM
1515313565,2,ECM
1515313589,2,ECM
1515313593,2,ECM
1515313629,2,ECM
1515313649,2,ECM
1515313652,2,ECM
1515313677,2,ECM
1515313701,2,ECM
1515313706,2,ECM
1515313715,2,ECM
1515313723,2,ECM
1515313749,2,ECM
1515313755,2,ECM
1515313759,2,ECM
1515313790,2,ECM
1515313791,2,ECM
1515313818,2,ECM
1515313819,2,ECM
1515313837,2,ECM
1515313848,2,ECM
1515313852,2,ECM
1515313899,2,ECM
1515313906,2,ECM
1515313915,2,ECM
1515313917,2,ECM
1515313922,2,ECM
1515313933,2,ECM
1515313951,2,ECM
1515314081,2,ECM
1515314099,2,ECM
1515314167,2,ECM
1515314185,2,ECM
1515314188,2,ECM
1515314195,2,ECM
1515314206,2,ECM
1515314227,2,ECM
1515314229,2,ECM
1515314249,2,ECM
1515314264,2,ECM
1515314266,2,ECM
1515314295,2,ECM
1515314301,2,ECM
1515314329,2,ECM
1515314338,2,ECM
1515314344,2,ECM
1515314391,2,ECM
1515314413,2,ECM
1515314422,2,ECM
1515314460,2,ECM
1515314464,2,ECM
1515314468,2,ECM
1515314483,2,ECM
1515314485,2,ECM
1515314506,2,ECM
1515314544,2,ECM
1515314582,2,ECM
1515314615,2,ECM
1515314636,2,ECM
1515314662,2,ECM
1515314668,2,ECM
1515314686,2,ECM
1515314696,2,ECM
1515314700,2,ECM
1515314737,2,ECM
1515314740,2,ECM
1515314766,2,ECM
1515314770,2,ECM
1515314772,2,ECM
1515314796,2,ECM
1515314802,2,ECM
1515314817,2,ECM
1515314826,2,ECM
1515314838,2,ECM
1515314869,2,ECM
1515314895,2,ECM
1515314896,2,ECM
1515314911,2,ECM
1515314939,2,ECM
1515314953,2,ECM
1515314969,2,ECM
1515314990,2,ECM
1515314993,2,ECM
1515314997,2,ECM
1515315033,2,ECM
1515315038,2,ECM
1515315040,2,ECM
1515315041,2,ECM
1515315044,2,ECM
1515315069,2,ECM
1515315086,2,ECM
1515315089,2,ECM
1515315154,2,ECM
1515315333,2,ECM
1515315354,2,ECM
1515315374,2,ECM
1515315376,2,ECM
1515315434,2,ECM
1515315463,2,ECM
1515315538,2,ECM
1515315636,2,ECM
1515315647,2,ECM
1515315652,2,ECM
1515315696,2,ECM
1515315791,2,ECM
1515315792,2,ECM
1515315798,2,ECM
1515315813,2,ECM
1515315823,2,ECM
1515315891,2,ECM
1515315892,2,ECM
1515316042,2,ECM
1515316058,2,ECM
1515316125,2,ECM
1515316148,2,ECM
1515316155,2,ECM
1515316205,2,ECM
1515316208,2,ECM
1515316220,2,ECM
1515316301,2,ECM
1515316303,2,ECM
1515316380,2,ECM
1515316414,2,ECM
1515316419,2,ECM
1515316421,2,ECM
1515316502,2,ECM
1515316510,2,ECM
1515316589,2,ECM
1515316643,2,ECM
1515316680,2,ECM
1515316718,2,ECM
1515316827,2,ECM
1515316910,2,ECM
1515316915,2,ECM
1515316991,2,ECM
1515316995,2,ECM
1515317061,2,ECM
1515317144,2,ECM
1515317153,2,ECM
1515317163,2,ECM
1515317167,2,ECM
1515317174,2,ECM
1515317177,2,ECM
1515317179,2,ECM
1515317355,2,ECM
1515317360,2,ECM
1515317378,2,ECM
1515317446,2,ECM
1515317453,2,ECM
1515317456,2,ECM
1515317462,2,ECM
1515317545,2,ECM
1515317695,2,ECM
1515317704,2,ECM
1515317784,2,ECM
1515317812,2,ECM
1515317813,2,ECM
1515317817,2,ECM
1515317818,2,ECM
1515317828,2,ECM
1515317897,2,ECM
1515317904,2,ECM
1515317908,2,ECM
1515317920,2,ECM
1515317970,2,ECM
1515317975,2,ECM
1515317990,2,ECM
1515317992,2,ECM
1515317999,2,ECM
1515318012,2,ECM
1515318070,2,ECM
1515318071,2,ECM
1515318131,2,ECM
1515318133,2,ECM
1515318167,2,ECM
1515318207,2,ECM
1515318212,2,ECM
1515318217,2,ECM
1515318325,2,ECM
1515318368,2,ECM
1515318459,2,ECM
1515318475,2,ECM
1515318533,2,ECM
1515318546,2,ECM
1515318549,2,ECM
1515318556,2,ECM
1515318610,2,ECM
1515318625,2,ECM
1515318708,2,ECM
1515318773,2,ECM
1515318795,2,ECM
1515318844,2,ECM
1515318916,2,ECM
1515318917,2,ECM
1515318919,2,ECM
1515318997,2,ECM
1515318998,2,ECM
1515319007,2,ECM
1515319010,2,ECM
1515319018,2,ECM
1515319065,2,ECM
1515319076,2,ECM
1515319134,2,ECM
1515319139,2,ECM
1515319149,2,ECM
1515319184,2,ECM
1515319185,2,ECM
1515319263,2,ECM
1515319278,2,ECM
1515319327,2,ECM
1515319348,2,ECM
1515319704,2,ECM
1515319773,2,ECM
1515319780,2,ECM
1515319788,2,ECM
1515319792,2,ECM
1515319846,2,ECM
1515320027,2,ECM
1515320082,2,ECM
1515320096,2,ECM
1515320098,2,ECM
1515320102,2,ECM
1515320208,2,ECM
1515320226,2,ECM
1515320230,2,ECM
1515320239,2,ECM
1515320245,2,ECM
1515320276,2,ECM
1515320284,2,ECM
1515320286,2,ECM
1515320290,2,ECM
1515320292,2,ECM
1515320300,2,ECM
1515320304,2,ECM
1515320353,2,ECM
1515320377,2,ECM
1515320426,2,ECM
1515320436,2,ECM
1515320441,2,ECM
1515320497,2,ECM
1515320515,2,ECM
1515320552,2,ECM
1515320576,2,ECM
1515320619,2,ECM
1515320633,2,ECM
1515320710,2,ECM
1515320724,2,ECM
1515320783,2,ECM
1515320838,2,ECM
1515320855,2,ECM
1515320911,2,ECM
1515321087,2,ECM
1515321088,2,ECM
1515321106,2,ECM
1515321176,2,ECM
1515321218,2,ECM
1515321229,2,ECM
1515321234,2,ECM
1515321252,2,ECM
1515321285,2,ECM
1515321291,2,ECM
1515321311,2,ECM
1515321389,2,ECM
1515321486,2,ECM
1515321492,2,ECM
1515321512,2,ECM
1515321514,2,ECM
1515321516,2,ECM
1515321580,2,ECM
1515321595,2,ECM
1515321653,2,ECM
1515321675,2,ECM
1515321706,2,ECM
1515321710,2,ECM
1515321721,2,ECM
1515321729,2,ECM
1515321739,2,ECM
1515321771,2,ECM
1515321775,2,ECM
1515321797,2,ECM
1515321804,2,ECM
1515321843,2,ECM
1515321887,2,ECM
1515321943,2,ECM
1515321947,2,ECM
1515321998,2,ECM
1515322032,2,ECM
1515322082,2,ECM
1515322120,2,ECM
1515322178,2,ECM
1515322184,2,ECM
1515322248,2,ECM
1515322346,2,ECM
1515322387,2,ECM
1515322432,2,ECM
1515322516,2,ECM
1515322523,2,ECM
1515322623,2,ECM
1515322649,2,ECM
1515322662,2,ECM
1515322672,2,ECM
1515322785,2,ECM
1515322787,2,ECM
1515322816,2,ECM
1515322838,2,ECM
1515323582,2,ECM
1515323650,2,ECM
1515323800,2,ECM
1515323829,2,ECM
1515323858,2,ECM
1515323917,2,ECM
1515323928,2,ECM
1515323931,2,ECM
1515323996,2,ECM
1515324010,2,ECM
1515324138,2,ECM
1515324141,2,ECM
1515324153,2,ECM
1515324193,2,ECM
1515324232,2,ECM
1515324267,2,ECM
1515324287,2,ECM
1515324322,2,ECM
1515324363,2,ECM
1515324468,2,ECM
30985630,1,ECM
30986691,1,ECM
30989519,1,ECM
30993710,1,ECM
30993768,1,ECM
30993833,1,ECM
30994002,1,ECM
30994013,1,ECM
30994093,1,ECM
30994109,1,ECM
30994142,1,ECM
30994156,1,ECM
30994163,1,ECM
30994168,1,ECM
30994175,1,ECM
30994203,1,ECM
30994208,1,ECM
30994214,1,ECM
30994220,1,ECM
30994239,1,ECM
30994246,1,ECM
30994314,1,ECM
30994320,1,ECM
30994324,1,ECM
30994337,1,ECM
30994342,1,ECM
30994390,1,ECM
30994391,1,ECM
30994409,1,ECM
30994416,1,ECM
30994422,1,ECM
30994430,1,ECM
30994448,1,ECM
30994467,1,ECM
30994532,1,ECM
30994574,1,ECM
30994576,1,ECM
30994596,1,ECM
30994597,1,ECM
30994599,1,ECM
30994604,1,ECM
30994611,1,ECM
30994614,1,ECM
30994636,1,ECM
30994640,1,ECM
30994650,1,ECM
30994652,1,ECM
30994657,1,ECM
30994660,1,ECM
30994666,1,ECM
30994673,1,ECM
30994727,1,ECM
30994737,1,ECM
30994747,1,ECM
30994753,1,ECM
30994756,1,ECM
30994771,1,ECM
30994785,1,ECM
30994813,1,ECM
30994817,1,ECM
30994820,1,ECM
30994824,1,ECM
30994835,1,ECM
30994844,1,ECM
30994847,1,ECM
30994850,1,ECM
30994853,1,ECM
30994862,1,ECM
30994890,1,ECM
30994905,1,ECM
30994914,1,ECM
30994934,1,ECM
30994938,1,ECM
30994945,1,ECM
30994946,1,ECM
30994950,1,ECM
30994965,1,ECM
30994967,1,ECM
30994971,1,ECM
30995003,1,ECM
30995008,1,ECM
30995019,1,ECM
30995052,1,ECM
30995060,1,ECM
30995067,1,ECM
30995070,1,ECM
30995085,1,ECM
30995088,1,ECM
30995107,1,ECM
30995111,1,ECM
30995128,1,ECM
1515148499,1,ECM
1515155276,1,ECM
1515160388,1,ECM
1515161617,1,ECM
1515164432,1,ECM
1515166526,1,ECM
1515167376,1,ECM
1515168105,1,ECM
1515168538,1,ECM
1515168734,1,ECM
1515171094,1,ECM
1515173653,1,ECM
1515174947,1,ECM
1515176539,1,ECM
1515267034,1,ECM
1515272611,1,ECM
1515277299,1,ECM
1515280556,1,ECM
1515280623,1,ECM
1515283107,1,ECM
1515283111,1,ECM
1515283116,1,ECM
1515283125,1,ECM
1515283129,1,ECM
1515283187,1,ECM
1515283190,1,ECM
1515283192,1,ECM
1515283201,1,ECM
1515283225,1,ECM
1515283256,1,ECM
1515283258,1,ECM
1515283270,1,ECM
1515283311,1,ECM
1515283315,1,ECM
1515283332,1,ECM
1515283333,1,ECM
1515283348,1,ECM
1515283371,1,ECM
1515283385,1,ECM
1515283394,1,ECM
1515283398,1,ECM
1515283406,1,ECM
1515283408,1,ECM
1515283411,1,ECM
1515283420,1,ECM
1515283439,1,ECM
1515283440,1,ECM
1515283457,1,ECM
1515283461,1,ECM
1515283502,1,ECM
1515283510,1,ECM
1515283747,1,ECM
1515283779,1,ECM
1515283784,1,ECM
1515283785,1,ECM
1515283790,1,ECM
1515283791,1,ECM
1515283793,1,ECM
1515283807,1,ECM
1515283813,1,ECM
1515283814,1,ECM
1515283834,1,ECM
1515283836,1,ECM
1515283838,1,ECM
1515283839,1,ECM
1515283868,1,ECM
1515283871,1,ECM
1515283872,1,ECM
1515283874,1,ECM
1515283883,1,ECM
1515283886,1,ECM
1515283901,1,ECM
1515283904,1,ECM
1515283907,1,ECM
1515283914,1,ECM
1515283962,1,ECM
1515283965,1,ECM
1515283989,1,ECM
1515283994,1,ECM
1515283995,1,ECM
1515284005,1,ECM
1515284010,1,ECM
1515284024,1,ECM
1515284058,1,ECM
1515284078,1,ECM
1515284080,1,ECM
1515284105,1,ECM
1515284106,1,ECM
1515284109,1,ECM
1515284113,1,ECM
1515284126,1,ECM
1515284137,1,ECM
1515284142,1,ECM
1515284181,1,ECM
1515284186,1,ECM
1515284189,1,ECM
1515284191,1,ECM
1515284195,1,ECM
1515284219,1,ECM
1515284225,1,ECM
1515284226,1,ECM
1515284232,1,ECM
1515284239,1,ECM
1515284270,1,ECM
1515284271,1,ECM
1515284294,1,ECM
1515284330,1,ECM
1515284332,1,ECM
1515284364,1,ECM
1515284372,1,ECM
1515284387,1,ECM
1515284389,1,ECM
1515284414,1,ECM
1515284420,1,ECM
1515284432,1,ECM
1515284460,1,ECM
1515284461,1,ECM
1515284464,1,ECM
1515284473,1,ECM
1515284474,1,ECM
1515284486,1,ECM
1515284489,1,ECM
1515284511,1,ECM
1515284520,1,ECM
1515284523,1,ECM
1515284529,1,ECM
1515284532,1,ECM
1515284535,1,ECM
1515284539,1,ECM
1515284565,1,ECM
1515284566,1,ECM
1515284588,1,ECM
1515284617,1,ECM
1515284619,1,ECM
1515284623,1,ECM
1515284636,1,ECM
1515284664,1,ECM
1515284669,1,ECM
1515284675,1,ECM
1515284679,1,ECM
1515284685,1,ECM
1515284690,1,ECM
1515284718,1,ECM
1515284724,1,ECM
1515284757,1,ECM
1515284760,1,ECM
1515284761,1,ECM
1515284773,1,ECM
1515284774,1,ECM
1515284776,1,ECM
1515284777,1,ECM
1515284786,1,ECM
1515284790,1,ECM
1515284795,1,ECM
1515284811,1,ECM
1515284813,1,ECM
1515284824,1,ECM
1515284832,1,ECM
1515284865,1,ECM
1515284868,1,ECM
1515284872,1,ECM
1515284876,1,ECM
1515284895,1,ECM
1515284921,1,ECM
1515284927,1,ECM
1515284929,1,ECM
1515284935,1,ECM
1515284936,1,ECM
1515284948,1,ECM
1515284950,1,ECM
1515284952,1,ECM
1515284954,1,ECM
1515284955,1,ECM
1515284988,1,ECM
1515284990,1,ECM
1515285035,1,ECM
1515285047,1,ECM
1515285048,1,ECM
1515285049,1,ECM
1515285051,1,ECM
1515285056,1,ECM
1515285063,1,ECM
1515285073,1,ECM
1515285102,1,ECM
1515285111,1,ECM
1515285116,1,ECM
1515285121,1,ECM
1515285182,1,ECM
1515285185,1,ECM
1515285190,1,ECM
1515285205,1,ECM
1515285208,1,ECM
1515285254,1,ECM
1515285259,1,ECM
1515285262,1,ECM
1515285269,1,ECM
1515285273,1,ECM
1515285286,1,ECM
1515285288,1,ECM
1515285314,1,ECM
1515285318,1,ECM
1515285329,1,ECM
1515285330,1,ECM
1515285342,1,ECM
1515285350,1,ECM
1515285351,1,ECM
1515285382,1,ECM
1515285384,1,ECM
1515285385,1,ECM
1515285386,1,ECM
1515285392,1,ECM
1515285403,1,ECM
1515285407,1,ECM
1515285414,1,ECM
1515285421,1,ECM
1515285427,1,ECM
1515285473,1,ECM
1515285496,1,ECM
1515285501,1,ECM
1515285503,1,ECM
1515285548,1,ECM
1515285556,1,ECM
1515285567,1,ECM
1515285579,1,ECM
1515285585,1,ECM
1515285616,1,ECM
1515285622,1,ECM
1515285623,1,ECM
1515285627,1,ECM
1515285684,1,ECM
1515285686,1,ECM
1515285687,1,ECM
1515285710,1,ECM
1515285714,1,ECM
1515285727,1,ECM
1515285732,1,ECM
1515285773,1,ECM
1515285777,1,ECM
1515285779,1,ECM
1515285784,1,ECM
1515285791,1,ECM
1515285794,1,ECM
1515285840,1,ECM
1515285843,1,ECM
1515285858,1,ECM
1515285864,1,ECM
1515285867,1,ECM
1515285873,1,ECM
1515285875,1,ECM
1515285879,1,ECM
1515285908,1,ECM
1515285910,1,ECM
1515285911,1,ECM
1515285937,1,ECM
1515285938,1,ECM
1515285945,1,ECM
1515285977,1,ECM
1515285981,1,ECM
1515285985,1,ECM
1515285986,1,ECM
1515285988,1,ECM
1515285994,1,ECM
1515285995,1,ECM
1515285996,1,ECM
1515286000,1,ECM
1515286008,1,ECM
1515286010,1,ECM
1515286012,1,ECM
1515286047,1,ECM
1515286052,1,ECM
1515286063,1,ECM
1515286067,1,ECM
1515286072,1,ECM
1515286078,1,ECM
1515286084,1,ECM
1515286126,1,ECM
1515286128,1,ECM
1515286139,1,ECM
1515286142,1,ECM
1515286151,1,ECM
1515286154,1,ECM
1515286192,1,ECM
1515286193,1,ECM
1515286195,1,ECM
1515286197,1,ECM
1515286218,1,ECM
1515286225,1,ECM
1515286226,1,ECM
1515286229,1,ECM
1515286273,1,ECM
1515286281,1,ECM
1515286286,1,ECM
1515286287,1,ECM
1515286295,1,ECM
1515286299,1,ECM
1515286306,1,ECM
1515286327,1,ECM
1515286330,1,ECM
1515286335,1,ECM
1515286344,1,ECM
1515286347,1,ECM
1515286352,1,ECM
1515286361,1,ECM
1515286366,1,ECM
1515286410,1,ECM
1515286413,1,ECM
1515286421,1,ECM
1515286427,1,ECM
1515286428,1,ECM
1515286430,1,ECM
1515286431,1,ECM
1515286464,1,ECM
1515286470,1,ECM
1515286473,1,ECM
1515286487,1,ECM
1515286496,1,ECM
1515286499,1,ECM
1515286504,1,ECM
1515286565,1,ECM
1515286570,1,ECM
1515286579,1,ECM
1515286585,1,ECM
1515286597,1,ECM
1515286630,1,ECM
1515286632,1,ECM
1515286634,1,ECM
1515286637,1,ECM
1515286638,1,ECM
1515286644,1,ECM
1515286660,1,ECM
1515286670,1,ECM
1515286672,1,ECM
1515286675,1,ECM
1515286677,1,ECM
1515286708,1,ECM
1515286715,1,ECM
1515286720,1,ECM
1515286726,1,ECM
1515286730,1,ECM
1515286737,1,ECM
1515286827,1,ECM
1515286830,1,ECM
1515286831,1,ECM
1515286834,1,ECM
1515286843,1,ECM
1515286850,1,ECM
1515286851,1,ECM
1515286855,1,ECM
1515286860,1,ECM
1515286903,1,ECM
1515286908,1,ECM
1515286911,1,ECM
1515286912,1,ECM
1515286913,1,ECM
1515286916,1,ECM
1515286930,1,ECM
1515286931,1,ECM
1515286936,1,ECM
1515286937,1,ECM
1515286939,1,ECM
1515286944,1,ECM
1515286984,1,ECM
1515286990,1,ECM
1515286994,1,ECM
1515286999,1,ECM
1515287001,1,ECM
1515287004,1,ECM
1515287008,1,ECM
1515287013,1,ECM
1515287026,1,ECM
1515287083,1,ECM
1515287098,1,ECM
1515287099,1,ECM
1515287100,1,ECM
1515287106,1,ECM
1515287110,1,ECM
1515287112,1,ECM
1515287163,1,ECM
1515287176,1,ECM
1515287183,1,ECM
1515287189,1,ECM
1515287205,1,ECM
1515287213,1,ECM
1515287218,1,ECM
1515287248,1,ECM
1515287259,1,ECM
1515287271,1,ECM
1515287272,1,ECM
1515287278,1,ECM
1515287280,1,ECM
1515287345,1,ECM
1515287346,1,ECM
1515287361,1,ECM
1515287364,1,ECM
1515287374,1,ECM
1515287381,1,ECM
1515287387,1,ECM
1515287420,1,ECM
1515287437,1,ECM
1515287440,1,ECM
1515287442,1,ECM
1515287445,1,ECM
1515287459,1,ECM
1515287461,1,ECM
1515287466,1,ECM
1515287467,1,ECM
1515287521,1,ECM
1515287541,1,ECM
1515287545,1,ECM
1515287546,1,ECM
1515287557,1,ECM
1515287558,1,ECM
1515287560,1,ECM
1515287563,1,ECM
1515287564,1,ECM
1515287566,1,ECM
1515287604,1,ECM
1515287607,1,ECM
1515287612,1,ECM
1515287617,1,ECM
1515287628,1,ECM
1515287630,1,ECM
1515287631,1,ECM
1515287647,1,ECM
1515287701,1,ECM
1515287708,1,ECM
1515287709,1,ECM
1515287714,1,ECM
1515287717,1,ECM
1515287721,1,ECM
1515287730,1,ECM
1515287735,1,ECM
1515287753,1,ECM
1515287793,1,ECM
1515287807,1,ECM
1515287838,1,ECM
1515287842,1,ECM
1515287895,1,ECM
1515287896,1,ECM
1515287898,1,ECM
1515287899,1,ECM
1515287900,1,ECM
1515287903,1,ECM
1515287905,1,ECM
1515287928,1,ECM
1515287929,1,ECM
1515287936,1,ECM
1515287948,1,ECM
1515287950,1,ECM
1515287999,1,ECM
1515288001,1,ECM
1515288010,1,ECM
1515288020,1,ECM
1515288024,1,ECM
1515288072,1,ECM
1515288076,1,ECM
1515288077,1,ECM
1515288084,1,ECM
1515288093,1,ECM
1515288094,1,ECM
1515288099,1,ECM
1515288105,1,ECM
1515288110,1,ECM
1515288112,1,ECM
1515288119,1,ECM
1515288162,1,ECM
1515288164,1,ECM
1515288168,1,ECM
1515288169,1,ECM
1515288175,1,ECM
1515288178,1,ECM
1515288186,1,ECM
1515288197,1,ECM
1515288202,1,ECM
1515288254,1,ECM
1515288261,1,ECM
1515288272,1,ECM
1515288273,1,ECM
1515288274,1,ECM
1515288278,1,ECM
1515288319,1,ECM
1515288322,1,ECM
1515288323,1,ECM
1515288324,1,ECM
1515288333,1,ECM
1515288335,1,ECM
1515288339,1,ECM
1515288341,1,ECM
1515288351,1,ECM
1515288355,1,ECM
1515288357,1,ECM
1515288366,1,ECM
1515288401,1,ECM
1515288408,1,ECM
1515288414,1,ECM
1515288417,1,ECM
1515288422,1,ECM
1515288432,1,ECM
1515288436,1,ECM
1515288471,1,ECM
1515288473,1,ECM
1515288475,1,ECM
1515288486,1,ECM
1515288487,1,ECM
1515288500,1,ECM
1515288502,1,ECM
1515288504,1,ECM
1515288533,1,ECM
1515288534,1,ECM
1515288539,1,ECM
1515288542,1,ECM
1515288547,1,ECM
1515288556,1,ECM
1515288564,1,ECM
1515288567,1,ECM
1515288602,1,ECM
1515288616,1,ECM
1515288624,1,ECM
1515288625,1,ECM
1515288628,1,ECM
1515288629,1,ECM
1515288635,1,ECM
1515288636,1,ECM
1515288657,1,ECM
1515288675,1,ECM
1515288679,1,ECM
1515288681,1,ECM
1515288683,1,ECM
1515288684,1,ECM
1515288717,1,ECM
1515288719,1,ECM
1515288720,1,ECM
1515288721,1,ECM
1515288722,1,ECM
1515288723,1,ECM
1515288727,1,ECM
1515288730,1,ECM
1515288736,1,ECM
1515288738,1,ECM
1515288743,1,ECM
1515288746,1,ECM
1515288748,1,ECM
1515288774,1,ECM
1515288779,1,ECM
1515288784,1,ECM
1515288792,1,ECM
1515288798,1,ECM
1515288802,1,ECM
1515288804,1,ECM
1515288805,1,ECM
1515288812,1,ECM
1515288839,1,ECM
1515288846,1,ECM
1515288848,1,ECM
1515288855,1,ECM
1515288856,1,ECM
1515288858,1,ECM
1515288859,1,ECM
1515288861,1,ECM
1515288868,1,ECM
1515288869,1,ECM
1515288919,1,ECM
1515288921,1,ECM
1515288926,1,ECM
1515288935,1,ECM
1515288937,1,ECM
1515288939,1,ECM
1515288947,1,ECM
1515288966,1,ECM
1515288971,1,ECM
1515288989,1,ECM
1515288999,1,ECM
1515289156,1,ECM
1515289159,1,ECM
1515289165,1,ECM
1515289167,1,ECM
1515289171,1,ECM
1515289172,1,ECM
1515289174,1,ECM
1515289188,1,ECM
1515289233,1,ECM
1515289236,1,ECM
1515289241,1,ECM
1515289248,1,ECM
1515289260,1,ECM
1515289265,1,ECM
1515289270,1,ECM
1515289325,1,ECM
1515289331,1,ECM
1515289333,1,ECM
1515289340,1,ECM
1515289341,1,ECM
1515289349,1,ECM
1515289352,1,ECM
1515289355,1,ECM
1515289357,1,ECM
1515289415,1,ECM
1515289422,1,ECM
1515289425,1,ECM
1515289428,1,ECM
1515289433,1,ECM
1515289434,1,ECM
1515289437,1,ECM
1515289443,1,ECM
1515289488,1,ECM
1515289506,1,ECM
1515289546,1,ECM
1515289547,1,ECM
1515289551,1,ECM
1515289555,1,ECM
1515289574,1,ECM
1515289639,1,ECM
1515289645,1,ECM
1515289650,1,ECM
1515289651,1,ECM
1515289671,1,ECM
1515289674,1,ECM
1515289724,1,ECM
1515289725,1,ECM
1515289737,1,ECM
1515289738,1,ECM
1515289803,1,ECM
1515289804,1,ECM
1515289811,1,ECM
1515289821,1,ECM
1515289826,1,ECM
1515289871,1,ECM
1515289875,1,ECM
1515289887,1,ECM
1515289899,1,ECM
1515289903,1,ECM
1515289904,1,ECM
1515289905,1,ECM
1515289907,1,ECM
1515289914,1,ECM
1515289916,1,ECM
1515289973,1,ECM
1515289992,1,ECM
1515290048,1,ECM
1515290052,1,ECM
1515290055,1,ECM
1515290058,1,ECM
1515290070,1,ECM
1515290072,1,ECM
1515290084,1,ECM
1515290085,1,ECM
1515290128,1,ECM
1515290132,1,ECM
1515290141,1,ECM
1515290145,1,ECM
1515290151,1,ECM
1515290154,1,ECM
1515290161,1,ECM
1515290211,1,ECM
1515290212,1,ECM
1515290215,1,ECM
1515290235,1,ECM
1515290297,1,ECM
1515290307,1,ECM
1515290312,1,ECM
1515290317,1,ECM
1515290329,1,ECM
1515290334,1,ECM
1515290335,1,ECM
1515290390,1,ECM
1515290395,1,ECM
1515290400,1,ECM
1515290404,1,ECM
1515290407,1,ECM
1515290412,1,ECM
1515290417,1,ECM
1515290426,1,ECM
1515290456,1,ECM
1515290462,1,ECM
1515290467,1,ECM
1515290471,1,ECM
1515290474,1,ECM
1515290478,1,ECM
1515290481,1,ECM
1515290484,1,ECM
1515290522,1,ECM
1515290528,1,ECM
1515290530,1,ECM
1515290535,1,ECM
1515290580,1,ECM
1515290585,1,ECM
1515290586,1,ECM
1515290599,1,ECM
1515290605,1,ECM
1515290609,1,ECM
1515290611,1,ECM
1515290648,1,ECM
1515290650,1,ECM
1515290660,1,ECM
1515290673,1,ECM
1515290674,1,ECM
1515290707,1,ECM
1515290715,1,ECM
1515290720,1,ECM
1515290728,1,ECM
1515290739,1,ECM
1515290744,1,ECM
1515290791,1,ECM
1515290792,1,ECM
1515290801,1,ECM
1515290802,1,ECM
1515290855,1,ECM
1515290863,1,ECM
1515290864,1,ECM
1515290872,1,ECM
1515290919,1,ECM
1515290926,1,ECM
1515290930,1,ECM
1515290939,1,ECM
1515290941,1,ECM
1515290950,1,ECM
1515290951,1,ECM
1515290999,1,ECM
1515291000,1,ECM
1515291009,1,ECM
1515291011,1,ECM
1515291015,1,ECM
1515291020,1,ECM
1515291024,1,ECM
1515291069,1,ECM
1515291074,1,ECM
1515291075,1,ECM
1515291080,1,ECM
1515291085,1,ECM
1515291093,1,ECM
1515291098,1,ECM
1515291139,1,ECM
1515291143,1,ECM
1515291149,1,ECM
1515291158,1,ECM
1515291211,1,ECM
1515291224,1,ECM
1515291241,1,ECM
1515291300,1,ECM
1515291303,1,ECM
1515291313,1,ECM
1515291371,1,ECM
1515291381,1,ECM
1515291431,1,ECM
1515291439,1,ECM
1515291447,1,ECM
1515291455,1,ECM
1515291460,1,ECM
1515291467,1,ECM
1515291469,1,ECM
1515291502,1,ECM
1515291507,1,ECM
1515291521,1,ECM
1515291527,1,ECM
1515291578,1,ECM
1515291580,1,ECM
1515291596,1,ECM
1515291645,1,ECM
1515291653,1,ECM
1515291655,1,ECM
1515291658,1,ECM
1515291659,1,ECM
1515291675,1,ECM
1515291678,1,ECM
1515291726,1,ECM
1515291727,1,ECM
1515291729,1,ECM
1515291753,1,ECM
1515291783,1,ECM
1515291788,1,ECM
1515291791,1,ECM
1515291801,1,ECM
1515291805,1,ECM
1515291859,1,ECM
1515291864,1,ECM
1515291874,1,ECM
1515291883,1,ECM
1515291884,1,ECM
1515291921,1,ECM
1515291935,1,ECM
1515291948,1,ECM
1515291952,1,ECM
1515291956,1,ECM
1515292010,1,ECM
1515292011,1,ECM
1515292021,1,ECM
1515292063,1,ECM
1515292147,1,ECM
1515292148,1,ECM
1515292158,1,ECM
1515292160,1,ECM
1515292163,1,ECM
1515292167,1,ECM
1515292204,1,ECM
1515292219,1,ECM
1515292274,1,ECM
1515292276,1,ECM
1515292277,1,ECM
1515292281,1,ECM
1515292282,1,ECM
1515292284,1,ECM
1515292291,1,ECM
1515292303,1,ECM
1515292359,1,ECM
1515292367,1,ECM
1515292369,1,ECM
1515292401,1,ECM
1515292402,1,ECM
1515292414,1,ECM
1515292424,1,ECM
1515292473,1,ECM
1515292476,1,ECM
1515292477,1,ECM
1515292478,1,ECM
1515292479,1,ECM
1515292481,1,ECM
1515292483,1,ECM
1515292484,1,ECM
1515292485,1,ECM
1515292489,1,ECM
1515292492,1,ECM
1515292498,1,ECM
1515292499,1,ECM
1515292546,1,ECM
1515292552,1,ECM
1515292557,1,ECM
1515292560,1,ECM
1515292570,1,ECM
1515292576,1,ECM
1515292616,1,ECM
1515292619,1,ECM
1515292635,1,ECM
1515292645,1,ECM
1515292652,1,ECM
1515292689,1,ECM
1515292691,1,ECM
1515292698,1,ECM
1515292703,1,ECM
1515292704,1,ECM
1515292705,1,ECM
1515292707,1,ECM
1515292756,1,ECM
1515292765,1,ECM
1515292766,1,ECM
1515292768,1,ECM
1515292770,1,ECM
1515292772,1,ECM
1515292776,1,ECM
1515292812,1,ECM
1515292813,1,ECM
1515292814,1,ECM
1515292819,1,ECM
1515292822,1,ECM
1515292832,1,ECM
1515292885,1,ECM
1515292887,1,ECM
1515292893,1,ECM
1515292902,1,ECM
1515292903,1,ECM
1515292910,1,ECM
1515292912,1,ECM
1515292968,1,ECM
1515292974,1,ECM
1515292993,1,ECM
1515293034,1,ECM
1515293036,1,ECM
1515293042,1,ECM
1515293043,1,ECM
1515293054,1,ECM
1515293077,1,ECM
1515293080,1,ECM
1515293081,1,ECM
1515293082,1,ECM
1515293083,1,ECM
1515293087,1,ECM
1515293089,1,ECM
1515293090,1,ECM
1515293094,1,ECM
1515293096,1,ECM
1515293105,1,ECM
1515293133,1,ECM
1515293135,1,ECM
1515293168,1,ECM
1515293194,1,ECM
1515293210,1,ECM
1515293262,1,ECM
1515293263,1,ECM
1515293275,1,ECM
1515293283,1,ECM
1515293304,1,ECM
1515293320,1,ECM
1515293329,1,ECM
1515293331,1,ECM
1515293335,1,ECM
1515293339,1,ECM
1515293341,1,ECM
1515293386,1,ECM
1515293396,1,ECM
1515293406,1,ECM
1515293455,1,ECM
1515293464,1,ECM
1515293479,1,ECM
1515293490,1,ECM
1515293517,1,ECM
1515293518,1,ECM
1515293521,1,ECM
1515293528,1,ECM
1515293531,1,ECM
1515293535,1,ECM
1515293545,1,ECM
1515293584,1,ECM
1515293600,1,ECM
1515293606,1,ECM
1515293612,1,ECM
1515293613,1,ECM
1515293650,1,ECM
1515293653,1,ECM
1515293655,1,ECM
1515293665,1,ECM
1515293667,1,ECM
1515293668,1,ECM
1515293694,1,ECM
1515293704,1,ECM
1515293716,1,ECM
1515293720,1,ECM
1515293722,1,ECM
1515293752,1,ECM
1515293761,1,ECM
1515293767,1,ECM
1515293772,1,ECM
1515293773,1,ECM
1515293811,1,ECM
1515293815,1,ECM
1515293817,1,ECM
1515293818,1,ECM
1515293819,1,ECM
1515293822,1,ECM
1515293830,1,ECM
1515293854,1,ECM
1515293864,1,ECM
1515293866,1,ECM
1515293867,1,ECM
1515293870,1,ECM
1515293875,1,ECM
1515293913,1,ECM
1515293916,1,ECM
1515293921,1,ECM
1515293925,1,ECM
1515293927,1,ECM
1515293945,1,ECM
1515293946,1,ECM
1515293951,1,ECM
1515294002,1,ECM
1515294006,1,ECM
1515294009,1,ECM
1515294011,1,ECM
1515294016,1,ECM
1515294019,1,ECM
1515294024,1,ECM
1515294029,1,ECM
1515294071,1,ECM
1515294111,1,ECM
1515294117,1,ECM
1515294125,1,ECM
1515294160,1,ECM
1515294173,1,ECM
1515294175,1,ECM
1515294179,1,ECM
1515294183,1,ECM
1515294217,1,ECM
1515294220,1,ECM
1515294257,1,ECM
1515294258,1,ECM
1515294261,1,ECM
1515294262,1,ECM
1515294266,1,ECM
1515294270,1,ECM
1515294271,1,ECM
1515294286,1,ECM
1515294327,1,ECM
1515294362,1,ECM
1515294365,1,ECM
1515294369,1,ECM
1515294370,1,ECM
1515294385,1,ECM
1515294420,1,ECM
1515294421,1,ECM
1515294423,1,ECM
1515294466,1,ECM
1515294467,1,ECM
1515294470,1,ECM
1515294474,1,ECM
1515294475,1,ECM
1515294481,1,ECM
1515294483,1,ECM
1515294528,1,ECM
1515294536,1,ECM
1515294541,1,ECM
1515294567,1,ECM
1515294573,1,ECM
1515294580,1,ECM
1515294581,1,ECM
1515294594,1,ECM
1515294595,1,ECM
1515294597,1,ECM
1515294622,1,ECM
1515294627,1,ECM
1515294635,1,ECM
1515294644,1,ECM
1515294685,1,ECM
1515294686,1,ECM
1515294689,1,ECM
1515294692,1,ECM
1515294724,1,ECM
1515294731,1,ECM
1515294737,1,ECM
1515294740,1,ECM
1515294747,1,ECM
1515294748,1,ECM
1515294752,1,ECM
1515294755,1,ECM
1515294780,1,ECM
1515294782,1,ECM
1515294793,1,ECM
1515294798,1,ECM
1515294831,1,ECM
1515294832,1,ECM
1515294839,1,ECM
1515294850,1,ECM
1515294852,1,ECM
1515294853,1,ECM
1515294896,1,ECM
1515294928,1,ECM
1515294949,1,ECM
1515294980,1,ECM
1515294982,1,ECM
1515295006,1,ECM
1515295009,1,ECM
1515295048,1,ECM
1515295052,1,ECM
1515295095,1,ECM
1515295126,1,ECM
1515295155,1,ECM
1515295161,1,ECM
1515295174,1,ECM
1515295189,1,ECM
1515295194,1,ECM
1515295197,1,ECM
1515295206,1,ECM
1515295211,1,ECM
1515295216,1,ECM
1515295220,1,ECM
1515295225,1,ECM
1515295249,1,ECM
1515295251,1,ECM
1515295255,1,ECM
1515295271,1,ECM
1515295272,1,ECM
1515295273,1,ECM
1515295279,1,ECM
1515295280,1,ECM
1515295302,1,ECM
1515295336,1,ECM
1515295339,1,ECM
1515295341,1,ECM
1515295343,1,ECM
1515295344,1,ECM
1515295348,1,ECM
1515295351,1,ECM
1515295356,1,ECM
1515295361,1,ECM
1515295380,1,ECM
1515295382,1,ECM
1515295389,1,ECM
1515295392,1,ECM
1515295395,1,ECM
1515295408,1,ECM
1515295413,1,ECM
1515295432,1,ECM
1515295502,1,ECM
1515295510,1,ECM
1515295515,1,ECM
1515295528,1,ECM
1515295529,1,ECM
1515295531,1,ECM
1515295539,1,ECM
1515295541,1,ECM
1515295545,1,ECM
1515295546,1,ECM
1515295550,1,ECM
1515295571,1,ECM
1515295573,1,ECM
1515295586,1,ECM
1515295588,1,ECM
1515295589,1,ECM
1515295605,1,ECM
1515295608,1,ECM
1515295610,1,ECM
1515295623,1,ECM
1515295641,1,ECM
1515295648,1,ECM
1515295650,1,ECM
1515295651,1,ECM
1515295670,1,ECM
1515295671,1,ECM
1515295677,1,ECM
1515295680,1,ECM
1515295703,1,ECM
1515295711,1,ECM
1515295716,1,ECM
1515295736,1,ECM
1515295754,1,ECM
1515295761,1,ECM
1515295768,1,ECM
1515295770,1,ECM
1515295795,1,ECM
1515295815,1,ECM
1515295824,1,ECM
1515295836,1,ECM
1515295838,1,ECM
1515295844,1,ECM
1515295848,1,ECM
1515295852,1,ECM
1515295863,1,ECM
1515295870,1,ECM
1515295872,1,ECM
1515295873,1,ECM
1515295880,1,ECM
1515295885,1,ECM
1515295887,1,ECM
1515295914,1,ECM
1515295924,1,ECM
1515295926,1,ECM
1515295927,1,ECM
1515295929,1,ECM
1515295935,1,ECM
1515295938,1,ECM
1515295943,1,ECM
1515295954,1,ECM
1515295962,1,ECM
1515295967,1,ECM
1515295971,1,ECM
1515295973,1,ECM
1515295974,1,ECM
1515295998,1,ECM
1515295999,1,ECM
1515296040,1,ECM
1515296043,1,ECM
1515296044,1,ECM
1515296045,1,ECM
1515296068,1,ECM
1515296073,1,ECM
1515296077,1,ECM
1515296087,1,ECM
1515296113,1,ECM
1515296115,1,ECM
1515296135,1,ECM
1515296136,1,ECM
1515296143,1,ECM
1515296145,1,ECM
1515296166,1,ECM
1515296173,1,ECM
1515296182,1,ECM
1515296198,1,ECM
1515296200,1,ECM
1515296201,1,ECM
1515296202,1,ECM
1515296211,1,ECM
1515296218,1,ECM
1515296219,1,ECM
1515296234,1,ECM
1515296249,1,ECM
1515296253,1,ECM
1515296257,1,ECM
1515296262,1,ECM
1515296263,1,ECM
1515296269,1,ECM
1515296270,1,ECM
1515296273,1,ECM
1515296276,1,ECM
1515296285,1,ECM
1515296288,1,ECM
1515296299,1,ECM
1515296300,1,ECM
1515296315,1,ECM
1515296328,1,ECM
1515296332,1,ECM
1515296359,1,ECM
1515296371,1,ECM
1515296374,1,ECM
1515296376,1,ECM
1515296395,1,ECM
1515296397,1,ECM
1515296405,1,ECM
1515296413,1,ECM
1515296421,1,ECM
1515296422,1,ECM
1515296437,1,ECM
1515296447,1,ECM
1515296459,1,ECM
1515296467,1,ECM
1515296473,1,ECM
1515296474,1,ECM
1515296506,1,ECM
1515296508,1,ECM
1515296518,1,ECM
1515296537,1,ECM
1515296538,1,ECM
1515296643,1,ECM
1515296644,1,ECM
1515296645,1,ECM
1515296650,1,ECM
1515296658,1,ECM
1515296660,1,ECM
1515296665,1,ECM
1515296679,1,ECM
1515296682,1,ECM
1515296689,1,ECM
1515296693,1,ECM
1515296710,1,ECM
1515296732,1,ECM
1515296747,1,ECM
1515296756,1,ECM
1515296782,1,ECM
1515296789,1,ECM
1515296817,1,ECM
1515296819,1,ECM
1515296837,1,ECM
1515296848,1,ECM
1515296850,1,ECM
1515296884,1,ECM
1515296917,1,ECM
1515296919,1,ECM
1515296924,1,ECM
1515296926,1,ECM
1515296936,1,ECM
1515296960,1,ECM
1515296979,1,ECM
1515296983,1,ECM
1515296993,1,ECM
1515297011,1,ECM
1515297020,1,ECM
1515297036,1,ECM
1515297046,1,ECM
1515297075,1,ECM
1515297133,1,ECM
1515297144,1,ECM
1515297146,1,ECM
1515297165,1,ECM
1515297168,1,ECM
1515297172,1,ECM
1515297174,1,ECM
1515297196,1,ECM
1515297205,1,ECM
1515297220,1,ECM
1515297284,1,ECM
1515297289,1,ECM
1515297291,1,ECM
1515297307,1,ECM
1515297310,1,ECM
1515297311,1,ECM
1515297313,1,ECM
1515297316,1,ECM
1515297336,1,ECM
1515297346,1,ECM
1515297380,1,ECM
1515297384,1,ECM
1515297400,1,ECM
1515297403,1,ECM
1515297419,1,ECM
1515297438,1,ECM
1515297442,1,ECM
1515297444,1,ECM
1515297453,1,ECM
1515297472,1,ECM
1515297484,1,ECM
1515297489,1,ECM
1515297525,1,ECM
1515297531,1,ECM
1515297559,1,ECM
1515297561,1,ECM
1515297563,1,ECM
1515297566,1,ECM
1515297574,1,ECM
1515297577,1,ECM
1515297578,1,ECM
1515297579,1,ECM
1515297584,1,ECM
1515297609,1,ECM
1515297610,1,ECM
1515297613,1,ECM
1515297618,1,ECM
1515297638,1,ECM
1515297644,1,ECM
1515297653,1,ECM
1515297656,1,ECM
1515297657,1,ECM
1515297689,1,ECM
1515297695,1,ECM
1515297697,1,ECM
1515297700,1,ECM
1515297702,1,ECM
1515297706,1,ECM
1515297714,1,ECM
1515297720,1,ECM
1515297736,1,ECM
1515297742,1,ECM
1515297744,1,ECM
1515297753,1,ECM
1515297759,1,ECM
1515297783,1,ECM
1515297784,1,ECM
1515297785,1,ECM
1515297788,1,ECM
1515297795,1,ECM
1515297824,1,ECM
1515297825,1,ECM
1515297835,1,ECM
1515297837,1,ECM
1515297850,1,ECM
1515297899,1,ECM
1515297905,1,ECM
1515297913,1,ECM
1515297914,1,ECM
1515297956,1,ECM
1515297958,1,ECM
1515297998,1,ECM
1515297999,1,ECM
1515298008,1,ECM
1515298010,1,ECM
1515298014,1,ECM
1515298015,1,ECM
1515298043,1,ECM
1515298045,1,ECM
1515298046,1,ECM
1515298051,1,ECM
1515298066,1,ECM
1515298100,1,ECM
1515298117,1,ECM
1515298122,1,ECM
1515298125,1,ECM
1515298168,1,ECM
1515298170,1,ECM
1515298196,1,ECM
1515298201,1,ECM
1515298264,1,ECM
1515298274,1,ECM
1515298275,1,ECM
1515298277,1,ECM
1515298278,1,ECM
1515298286,1,ECM
1515298288,1,ECM
1515298291,1,ECM
1515298321,1,ECM
1515298328,1,ECM
1515298355,1,ECM
1515298402,1,ECM
1515298403,1,ECM
1515298404,1,ECM
1515298440,1,ECM
1515298512,1,ECM
1515298521,1,ECM
1515298525,1,ECM
1515298526,1,ECM
1515298530,1,ECM
1515298538,1,ECM
1515298581,1,ECM
1515298584,1,ECM
1515298652,1,ECM
1515298659,1,ECM
1515298670,1,ECM
1515298677,1,ECM
1515298680,1,ECM
1515298683,1,ECM
1515298685,1,ECM
1515298695,1,ECM
1515298743,1,ECM
1515298754,1,ECM
1515298756,1,ECM
1515298757,1,ECM
1515298760,1,ECM
1515298762,1,ECM
1515298766,1,ECM
1515298768,1,ECM
1515298812,1,ECM
1515298815,1,ECM
1515298817,1,ECM
1515298836,1,ECM
1515298886,1,ECM
1515298893,1,ECM
1515298894,1,ECM
1515298899,1,ECM
1515298902,1,ECM
1515298911,1,ECM
1515298964,1,ECM
1515298965,1,ECM
1515298966,1,ECM
1515298968,1,ECM
1515298970,1,ECM
1515298975,1,ECM
1515299013,1,ECM
1515299018,1,ECM
1515299027,1,ECM
1515299030,1,ECM
1515299034,1,ECM
1515299043,1,ECM
1515299049,1,ECM
1515299090,1,ECM
1515299091,1,ECM
1515299093,1,ECM
1515299102,1,ECM
1515299105,1,ECM
1515299108,1,ECM
1515299111,1,ECM
1515299116,1,ECM
1515299121,1,ECM
1515299166,1,ECM
1515299169,1,ECM
1515299177,1,ECM
1515299178,1,ECM
1515299186,1,ECM
1515299191,1,ECM
1515299195,1,ECM
1515299197,1,ECM
1515299199,1,ECM
1515299244,1,ECM
1515299245,1,ECM
1515299251,1,ECM
1515299266,1,ECM
1515299271,1,ECM
1515299312,1,ECM
1515299318,1,ECM
1515299331,1,ECM
1515299335,1,ECM
1515299398,1,ECM
1515299406,1,ECM
1515299425,1,ECM
1515299430,1,ECM
1515299433,1,ECM
1515299478,1,ECM
1515299480,1,ECM
1515299488,1,ECM
1515299495,1,ECM
1515299496,1,ECM
1515299500,1,ECM
1515299505,1,ECM
1515299507,1,ECM
1515299508,1,ECM
1515299510,1,ECM
1515299514,1,ECM
1515299516,1,ECM
1515299518,1,ECM
1515299523,1,ECM
1515299580,1,ECM
1515299585,1,ECM
1515299589,1,ECM
1515299599,1,ECM
1515299605,1,ECM
1515299608,1,ECM
1515299610,1,ECM
1515299611,1,ECM
1515299668,1,ECM
1515299672,1,ECM
1515299675,1,ECM
1515299683,1,ECM
1515299690,1,ECM
1515299692,1,ECM
1515299704,1,ECM
1515299705,1,ECM
1515299708,1,ECM
1515299751,1,ECM
1515299754,1,ECM
1515299758,1,ECM
1515299761,1,ECM
1515299764,1,ECM
1515299768,1,ECM
1515299771,1,ECM
1515299786,1,ECM
1515299860,1,ECM
1515299862,1,ECM
1515299863,1,ECM
1515299864,1,ECM
1515299867,1,ECM
1515299879,1,ECM
1515299884,1,ECM
1515299893,1,ECM
1515299945,1,ECM
1515299961,1,ECM
1515299981,1,ECM
1515299985,1,ECM
1515299991,1,ECM
1515300053,1,ECM
1515300057,1,ECM
1515300062,1,ECM
1515300068,1,ECM
1515300072,1,ECM
1515300078,1,ECM
1515300079,1,ECM
1515300087,1,ECM
1515300088,1,ECM
1515300091,1,ECM
1515300131,1,ECM
1515300134,1,ECM
1515300137,1,ECM
1515300141,1,ECM
1515300142,1,ECM
1515300147,1,ECM
1515300154,1,ECM
1515300156,1,ECM
1515300161,1,ECM
1515300169,1,ECM
1515300170,1,ECM
1515300182,1,ECM
1515300227,1,ECM
1515300231,1,ECM
1515300235,1,ECM
1515300250,1,ECM
1515300255,1,ECM
1515300350,1,ECM
1515300355,1,ECM
1515300362,1,ECM
1515300365,1,ECM
1515300368,1,ECM
1515300370,1,ECM
1515300372,1,ECM
1515300376,1,ECM
1515300378,1,ECM
1515300433,1,ECM
1515300442,1,ECM
1515300445,1,ECM
1515300513,1,ECM
1515300515,1,ECM
1515300522,1,ECM
1515300530,1,ECM
1515300538,1,ECM
1515300608,1,ECM
1515300618,1,ECM
1515300622,1,ECM
1515300631,1,ECM
1515300691,1,ECM
1515300717,1,ECM
1515300718,1,ECM
1515300776,1,ECM
1515300778,1,ECM
1515300788,1,ECM
1515300811,1,ECM
1515300822,1,ECM
1515300871,1,ECM
1515300879,1,ECM
1515300880,1,ECM
1515300887,1,ECM
1515300902,1,ECM
1515300903,1,ECM
1515300958,1,ECM
1515300983,1,ECM
1515300984,1,ECM
1515300986,1,ECM
1515301062,1,ECM
1515301064,1,ECM
1515301075,1,ECM
1515301078,1,ECM
1515301084,1,ECM
1515301149,1,ECM
1515301158,1,ECM
1515301164,1,ECM
1515301165,1,ECM
1515301166,1,ECM
1515301168,1,ECM
1515301172,1,ECM
1515301176,1,ECM
1515301179,1,ECM
1515301181,1,ECM
1515301250,1,ECM
1515301254,1,ECM
1515301263,1,ECM
1515301266,1,ECM
1515301278,1,ECM
1515301281,1,ECM
1515301284,1,ECM
1515301285,1,ECM
1515301347,1,ECM
1515301351,1,ECM
1515301354,1,ECM
1515301362,1,ECM
1515301366,1,ECM
1515301378,1,ECM
1515301386,1,ECM
1515301388,1,ECM
1515301393,1,ECM
1515301397,1,ECM
1515301454,1,ECM
1515301460,1,ECM
1515301474,1,ECM
1515301486,1,ECM
1515301488,1,ECM
1515301534,1,ECM
1515301540,1,ECM
1515301551,1,ECM
1515301552,1,ECM
1515301554,1,ECM
1515301555,1,ECM
1515301557,1,ECM
1515301559,1,ECM
1515301569,1,ECM
1515301574,1,ECM
1515301578,1,ECM
1515301579,1,ECM
1515301581,1,ECM
1515301585,1,ECM
1515301586,1,ECM
1515301653,1,ECM
1515301676,1,ECM
1515301738,1,ECM
1515301742,1,ECM
1515301751,1,ECM
1515301752,1,ECM
1515301754,1,ECM
1515301766,1,ECM
1515301827,1,ECM
1515301836,1,ECM
1515301842,1,ECM
1515301853,1,ECM
1515301903,1,ECM
1515301906,1,ECM
1515301937,1,ECM
1515301943,1,ECM
1515301987,1,ECM
1515301996,1,ECM
1515301997,1,ECM
1515302001,1,ECM
1515302010,1,ECM
1515302015,1,ECM
1515302016,1,ECM
1515302017,1,ECM
1515302018,1,ECM
1515302019,1,ECM
1515302027,1,ECM
1515302037,1,ECM
1515302045,1,ECM
1515302116,1,ECM
1515302119,1,ECM
1515302121,1,ECM
1515302128,1,ECM
1515302135,1,ECM
1515302144,1,ECM
1515302208,1,ECM
1515302209,1,ECM
1515302214,1,ECM
1515302219,1,ECM
1515302286,1,ECM
1515302289,1,ECM
1515302292,1,ECM
1515302305,1,ECM
1515302306,1,ECM
1515302313,1,ECM
1515302318,1,ECM
1515302319,1,ECM
1515302320,1,ECM
1515302322,1,ECM
1515302379,1,ECM
1515302393,1,ECM
1515302398,1,ECM
1515302408,1,ECM
1515302450,1,ECM
1515302456,1,ECM
1515302462,1,ECM
1515302480,1,ECM
1515302529,1,ECM
1515302530,1,ECM
1515302539,1,ECM
1515302540,1,ECM
1515302551,1,ECM
1515302561,1,ECM
1515302601,1,ECM
1515302610,1,ECM
1515302633,1,ECM
1515302639,1,ECM
1515302640,1,ECM
1515302706,1,ECM
1515302719,1,ECM
1515302721,1,ECM
1515302730,1,ECM
1515302732,1,ECM
1515302739,1,ECM
1515302744,1,ECM
1515302746,1,ECM
1515302781,1,ECM
1515302783,1,ECM
1515302797,1,ECM
1515302798,1,ECM
1515302801,1,ECM
1515302816,1,ECM
1515302876,1,ECM
1515302878,1,ECM
1515302884,1,ECM
1515302891,1,ECM
1515302892,1,ECM
1515302893,1,ECM
1515302905,1,ECM
1515302957,1,ECM
1515302974,1,ECM
1515302982,1,ECM
1515302989,1,ECM
1515303047,1,ECM
1515303048,1,ECM
1515303051,1,ECM
1515303146,1,ECM
1515303154,1,ECM
1515303157,1,ECM
1515303160,1,ECM
1515303166,1,ECM
1515303228,1,ECM
1515303233,1,ECM
1515303251,1,ECM
1515303310,1,ECM
1515303311,1,ECM
1515303314,1,ECM
1515303317,1,ECM
1515303318,1,ECM
1515303324,1,ECM
1515303326,1,ECM
1515303329,1,ECM
1515303337,1,ECM
1515303401,1,ECM
1515303402,1,ECM
1515303415,1,ECM
1515303424,1,ECM
1515303434,1,ECM
1515303438,1,ECM
1515303439,1,ECM
1515303442,1,ECM
1515303498,1,ECM
1515303500,1,ECM
1515303507,1,ECM
1515303518,1,ECM
1515303519,1,ECM
1515303523,1,ECM
1515303526,1,ECM
1515303530,1,ECM
1515303532,1,ECM
1515303595,1,ECM
1515303598,1,ECM
1515303608,1,ECM
1515303680,1,ECM
1515303682,1,ECM
1515303684,1,ECM
1515303686,1,ECM
1515303687,1,ECM
1515303688,1,ECM
1515303689,1,ECM
1515303698,1,ECM
1515303700,1,ECM
1515303760,1,ECM
1515303765,1,ECM
1515303768,1,ECM
1515303769,1,ECM
1515303772,1,ECM
1515303782,1,ECM
1515303783,1,ECM
1515303788,1,ECM
1515303790,1,ECM
1515303793,1,ECM
1515303794,1,ECM
1515303799,1,ECM
1515303807,1,ECM
1515303859,1,ECM
1515303874,1,ECM
1515303877,1,ECM
1515303878,1,ECM
1515303881,1,ECM
1515303892,1,ECM
1515303894,1,ECM
1515303902,1,ECM
1515303955,1,ECM
1515303964,1,ECM
1515303965,1,ECM
1515303976,1,ECM
1515303995,1,ECM
1515304073,1,ECM
1515304080,1,ECM
1515304088,1,ECM
1515304099,1,ECM
1515304101,1,ECM
1515304159,1,ECM
1515304164,1,ECM
1515304168,1,ECM
1515304169,1,ECM
1515304181,1,ECM
1515304275,1,ECM
1515304277,1,ECM
1515304278,1,ECM
1515304279,1,ECM
1515304281,1,ECM
1515304325,1,ECM
1515304328,1,ECM
1515304343,1,ECM
1515304361,1,ECM
1515304416,1,ECM
1515304417,1,ECM
1515304437,1,ECM
1515304438,1,ECM
1515304446,1,ECM
1515304455,1,ECM
1515304463,1,ECM
1515304525,1,ECM
1515304528,1,ECM
1515304534,1,ECM
1515304535,1,ECM
1515304542,1,ECM
1515304543,1,ECM
1515304544,1,ECM
1515304558,1,ECM
1515304605,1,ECM
1515304630,1,ECM
1515304639,1,ECM
1515304640,1,ECM
1515304645,1,ECM
1515304691,1,ECM
1515304696,1,ECM
1515304706,1,ECM
1515304716,1,ECM
1515304788,1,ECM
1515304789,1,ECM
1515304790,1,ECM
1515304806,1,ECM
1515304881,1,ECM
1515304884,1,ECM
1515304898,1,ECM
1515304902,1,ECM
1515304986,1,ECM
1515304995,1,ECM
1515304999,1,ECM
1515305049,1,ECM
1515305053,1,ECM
1515305062,1,ECM
1515305064,1,ECM
1515305069,1,ECM
1515305074,1,ECM
1515305076,1,ECM
1515305122,1,ECM
1515305124,1,ECM
1515305126,1,ECM
1515305128,1,ECM
1515305138,1,ECM
1515305220,1,ECM
1515305226,1,ECM
1515305228,1,ECM
1515305229,1,ECM
1515305235,1,ECM
1515305239,1,ECM
1515305243,1,ECM
1515305245,1,ECM
1515305247,1,ECM
1515305251,1,ECM
1515305304,1,ECM
1515305309,1,ECM
1515305310,1,ECM
1515305312,1,ECM
1515305313,1,ECM
1515305328,1,ECM
1515305330,1,ECM
1515305335,1,ECM
1515305344,1,ECM
1515305394,1,ECM
1515305403,1,ECM
1515305416,1,ECM
1515305418,1,ECM
1515305427,1,ECM
1515305440,1,ECM
1515305506,1,ECM
1515305515,1,ECM
1515305577,1,ECM
1515305589,1,ECM
1515305594,1,ECM
1515305598,1,ECM
1515305613,1,ECM
1515305615,1,ECM
1515305621,1,ECM
1515305625,1,ECM
1515305696,1,ECM
1515305700,1,ECM
1515305714,1,ECM
1515305715,1,ECM
1515305716,1,ECM
1515305718,1,ECM
1515305721,1,ECM
1515305727,1,ECM
1515305768,1,ECM
1515305777,1,ECM
1515305788,1,ECM
1515305792,1,ECM
1515305794,1,ECM
1515305799,1,ECM
1515305857,1,ECM
1515305861,1,ECM
1515305865,1,ECM
1515305866,1,ECM
1515305880,1,ECM
1515305887,1,ECM
1515305949,1,ECM
1515305952,1,ECM
1515305960,1,ECM
1515305964,1,ECM
1515305970,1,ECM
1515305971,1,ECM
1515306025,1,ECM
1515306033,1,ECM
1515306091,1,ECM
1515306095,1,ECM
1515306097,1,ECM
1515306100,1,ECM
1515306101,1,ECM
1515306104,1,ECM
1515306115,1,ECM
1515306155,1,ECM
1515306167,1,ECM
1515306168,1,ECM
1515306180,1,ECM
1515306239,1,ECM
1515306245,1,ECM
1515306250,1,ECM
1515306258,1,ECM
1515306262,1,ECM
1515306278,1,ECM
1515306331,1,ECM
1515306348,1,ECM
1515306352,1,ECM
1515306365,1,ECM
1515306424,1,ECM
1515306431,1,ECM
1515306432,1,ECM
1515306434,1,ECM
1515306488,1,ECM
1515306492,1,ECM
1515306495,1,ECM
1515306498,1,ECM
1515306500,1,ECM
1515306503,1,ECM
1515306557,1,ECM
1515306558,1,ECM
1515306559,1,ECM
1515306569,1,ECM
1515306572,1,ECM
1515306578,1,ECM
1515306616,1,ECM
1515306622,1,ECM
1515306633,1,ECM
1515306645,1,ECM
1515306654,1,ECM
1515306726,1,ECM
1515306778,1,ECM
1515306781,1,ECM
1515306790,1,ECM
1515306839,1,ECM
1515306840,1,ECM
1515306848,1,ECM
1515306860,1,ECM
1515306864,1,ECM
1515306865,1,ECM
1515306868,1,ECM
1515306922,1,ECM
1515306931,1,ECM
1515306933,1,ECM
1515306950,1,ECM
1515306997,1,ECM
1515307000,1,ECM
1515307007,1,ECM
1515307016,1,ECM
1515307023,1,ECM
1515307030,1,ECM
1515307071,1,ECM
1515307078,1,ECM
1515307079,1,ECM
1515307103,1,ECM
1515307130,1,ECM
1515307145,1,ECM
1515307147,1,ECM
1515307165,1,ECM
1515307205,1,ECM
1515307214,1,ECM
1515307218,1,ECM
1515307222,1,ECM
1515307290,1,ECM
1515307293,1,ECM
1515307323,1,ECM
1515307336,1,ECM
1515307343,1,ECM
1515307345,1,ECM
1515307381,1,ECM
1515307392,1,ECM
1515307400,1,ECM
1515307442,1,ECM
1515307455,1,ECM
1515307458,1,ECM
1515307498,1,ECM
1515307503,1,ECM
1515307509,1,ECM
1515307521,1,ECM
1515307559,1,ECM
1515307577,1,ECM
1515307589,1,ECM
1515307626,1,ECM
1515307627,1,ECM
1515307629,1,ECM
1515307630,1,ECM
1515307648,1,ECM
1515307700,1,ECM
1515307701,1,ECM
1515307711,1,ECM
1515307715,1,ECM
1515307718,1,ECM
1515307719,1,ECM
1515307720,1,ECM
1515307721,1,ECM
1515307723,1,ECM
1515307727,1,ECM
1515307767,1,ECM
1515307768,1,ECM
1515307779,1,ECM
1515307788,1,ECM
1515307824,1,ECM
1515307837,1,ECM
1515307842,1,ECM
1515307850,1,ECM
1515307853,1,ECM
1515307888,1,ECM
1515307893,1,ECM
1515307911,1,ECM
1515307912,1,ECM
1515307919,1,ECM
1515307958,1,ECM
1515307980,1,ECM
1515307985,1,ECM
1515308030,1,ECM
1515308031,1,ECM
1515308036,1,ECM
1515308041,1,ECM
1515308044,1,ECM
1515308046,1,ECM
1515308050,1,ECM
1515308051,1,ECM
1515308052,1,ECM
1515308087,1,ECM
1515308093,1,ECM
1515308094,1,ECM
1515308115,1,ECM
1515308157,1,ECM
1515308158,1,ECM
1515308166,1,ECM
1515308169,1,ECM
1515308176,1,ECM
1515311116,1,ECM
1515311128,1,ECM
1515311132,1,ECM
1515311157,1,ECM
1515311162,1,ECM
1515311166,1,ECM
1515311171,1,ECM
1515311175,1,ECM
1515311184,1,ECM
1515311201,1,ECM
1515311208,1,ECM
1515311215,1,ECM
1515311217,1,ECM
1515311220,1,ECM
1515311222,1,ECM
1515311224,1,ECM
1515311225,1,ECM
1515311227,1,ECM
1515311232,1,ECM
1515311233,1,ECM
1515311237,1,ECM
1515311238,1,ECM
1515311241,1,ECM
1515311242,1,ECM
1515311243,1,ECM
1515311246,1,ECM
1515311252,1,ECM
1515311265,1,ECM
1515311275,1,ECM
1515311292,1,ECM
1515311300,1,ECM
1515311307,1,ECM
1515311330,1,ECM
1515311345,1,ECM
1515311348,1,ECM
1515311352,1,ECM
1515311354,1,ECM
1515311356,1,ECM
1515311360,1,ECM
1515311361,1,ECM
1515311364,1,ECM
1515311367,1,ECM
1515311375,1,ECM
1515311380,1,ECM
1515311382,1,ECM
1515311385,1,ECM
1515311391,1,ECM
1515311394,1,ECM
1515311397,1,ECM
1515311402,1,ECM
1515311403,1,ECM
1515311409,1,ECM
1515311415,1,ECM
1515311437,1,ECM
1515311451,1,ECM
1515311453,1,ECM
1515311455,1,ECM
1515311461,1,ECM
1515311478,1,ECM
1515311482,1,ECM
1515311484,1,ECM
1515311489,1,ECM
1515311491,1,ECM
1515311492,1,ECM
1515311493,1,ECM
1515311494,1,ECM
1515311495,1,ECM
1515311496,1,ECM
1515311497,1,ECM
1515311498,1,ECM
1515311501,1,ECM
1515311502,1,ECM
1515311514,1,ECM
1515311529,1,ECM
1515311530,1,ECM
1515311545,1,ECM
1515311571,1,ECM
1515311572,1,ECM
1515311581,1,ECM
1515311593,1,ECM
1515311595,1,ECM
1515311601,1,ECM
1515311608,1,ECM
1515311614,1,ECM
1515311652,1,ECM
1515311653,1,ECM
1515311660,1,ECM
1515311661,1,ECM
1515311662,1,ECM
1515311664,1,ECM
1515311665,1,ECM
1515311666,1,ECM
1515311674,1,ECM
1515311688,1,ECM
1515311692,1,ECM
1515311693,1,ECM
1515311694,1,ECM
1515311703,1,ECM
1515311704,1,ECM
1515311706,1,ECM
1515311707,1,ECM
1515311708,1,ECM
1515311720,1,ECM
1515311726,1,ECM
1515311728,1,ECM
1515311753,1,ECM
1515311758,1,ECM
1515311761,1,ECM
1515311762,1,ECM
1515311765,1,ECM
1515311773,1,ECM
1515311775,1,ECM
1515311780,1,ECM
1515311786,1,ECM
1515311788,1,ECM
1515311790,1,ECM
1515311791,1,ECM
1515311803,1,ECM
1515311805,1,ECM
1515311807,1,ECM
1515311811,1,ECM
1515311819,1,ECM
1515311821,1,ECM
1515311832,1,ECM
1515311833,1,ECM
1515311843,1,ECM
1515311844,1,ECM
1515311863,1,ECM
1515311867,1,ECM
1515311911,1,ECM
1515311913,1,ECM
1515311920,1,ECM
1515311926,1,ECM
1515311931,1,ECM
1515311933,1,ECM
1515311935,1,ECM
1515311936,1,ECM
1515311937,1,ECM
1515311956,1,ECM
1515311959,1,ECM
1515311960,1,ECM
1515311981,1,ECM
1515311990,1,ECM
1515312005,1,ECM
1515312007,1,ECM
1515312014,1,ECM
1515312025,1,ECM
1515312030,1,ECM
1515312039,1,ECM
1515312048,1,ECM
1515312065,1,ECM
1515312068,1,ECM
1515312104,1,ECM
1515312105,1,ECM
1515312117,1,ECM
1515312120,1,ECM
1515312123,1,ECM
1515312124,1,ECM
1515312126,1,ECM
1515312131,1,ECM
1515312132,1,ECM
1515312138,1,ECM
1515312139,1,ECM
1515312140,1,ECM
1515312145,1,ECM
1515312146,1,ECM
1515312153,1,ECM
1515312154,1,ECM
1515312158,1,ECM
1515312160,1,ECM
1515312169,1,ECM
1515312170,1,ECM
1515312173,1,ECM
1515312176,1,ECM
1515312177,1,ECM
1515312178,1,ECM
1515312189,1,ECM
1515312194,1,ECM
1515312199,1,ECM
1515312204,1,ECM
1515312214,1,ECM
1515312222,1,ECM
1515312237,1,ECM
1515312243,1,ECM
1515312244,1,ECM
1515312246,1,ECM
1515312247,1,ECM
1515312250,1,ECM
1515312255,1,ECM
1515312257,1,ECM
1515312258,1,ECM
1515312262,1,ECM
1515312264,1,ECM
1515312266,1,ECM
1515312270,1,ECM
1515312271,1,ECM
1515312276,1,ECM
1515312278,1,ECM
1515312280,1,ECM
1515312281,1,ECM
1515312282,1,ECM
1515312283,1,ECM
1515312284,1,ECM
1515312286,1,ECM
1515312289,1,ECM
1515312290,1,ECM
1515312295,1,ECM
1515312300,1,ECM
1515312301,1,ECM
1515312302,1,ECM
1515312306,1,ECM
1515312315,1,ECM
1515312320,1,ECM
1515312321,1,ECM
1515312323,1,ECM
1515312331,1,ECM
1515312335,1,ECM
1515312338,1,ECM
1515312341,1,ECM
1515312346,1,ECM
1515312347,1,ECM
1515312349,1,ECM
1515312355,1,ECM
1515312357,1,ECM
1515312359,1,ECM
1515312367,1,ECM
1515312371,1,ECM
1515312380,1,ECM
1515312384,1,ECM
1515312403,1,ECM
1515312405,1,ECM
1515312413,1,ECM
1515312417,1,ECM
1515312418,1,ECM
1515312424,1,ECM
1515312428,1,ECM
1515312435,1,ECM
1515312437,1,ECM
1515312438,1,ECM
1515312442,1,ECM
1515312444,1,ECM
1515312462,1,ECM
1515312474,1,ECM
1515312478,1,ECM
1515312487,1,ECM
1515312496,1,ECM
1515312497,1,ECM
1515312503,1,ECM
1515312511,1,ECM
1515312519,1,ECM
1515312521,1,ECM
1515312524,1,ECM
1515312526,1,ECM
1515312528,1,ECM
1515312530,1,ECM
1515312531,1,ECM
1515312534,1,ECM
1515312535,1,ECM
1515312536,1,ECM
1515312545,1,ECM
1515312547,1,ECM
1515312548,1,ECM
1515312552,1,ECM
1515312559,1,ECM
1515312573,1,ECM
1515312575,1,ECM
1515312586,1,ECM
1515312595,1,ECM
1515312601,1,ECM
1515312604,1,ECM
1515312605,1,ECM
1515312615,1,ECM
1515312621,1,ECM
1515312622,1,ECM
1515312624,1,ECM
1515312625,1,ECM
1515312627,1,ECM
1515312629,1,ECM
1515312632,1,ECM
1515312636,1,ECM
1515312647,1,ECM
1515312648,1,ECM
1515312652,1,ECM
1515312661,1,ECM
1515312663,1,ECM
1515312666,1,ECM
1515312688,1,ECM
1515312690,1,ECM
1515312692,1,ECM
1515312693,1,ECM
1515312697,1,ECM
1515312704,1,ECM
1515312705,1,ECM
1515312707,1,ECM
1515312708,1,ECM
1515312715,1,ECM
1515312728,1,ECM
1515312730,1,ECM
1515312738,1,ECM
1515312744,1,ECM
1515312745,1,ECM
1515312761,1,ECM
1515312762,1,ECM
1515312773,1,ECM
1515312786,1,ECM
1515312787,1,ECM
1515312793,1,ECM
1515312794,1,ECM
1515312804,1,ECM
1515312808,1,ECM
1515312809,1,ECM
1515312813,1,ECM
1515312820,1,ECM
1515312822,1,ECM
1515312824,1,ECM
1515312825,1,ECM
1515312828,1,ECM
1515312829,1,ECM
1515312830,1,ECM
1515312835,1,ECM
1515312844,1,ECM
1515312849,1,ECM
1515312859,1,ECM
1515312863,1,ECM
1515312867,1,ECM
1515312873,1,ECM
1515312877,1,ECM
1515312882,1,ECM
1515312885,1,ECM
1515312892,1,ECM
1515312893,1,ECM
1515312895,1,ECM
1515312915,1,ECM
1515312929,1,ECM
1515312930,1,ECM
1515312934,1,ECM
1515312939,1,ECM
1515312945,1,ECM
1515312957,1,ECM
1515312961,1,ECM
1515312965,1,ECM
1515312966,1,ECM
1515312971,1,ECM
1515312972,1,ECM
1515312979,1,ECM
1515312983,1,ECM
1515312984,1,ECM
1515312985,1,ECM
1515312990,1,ECM
1515313027,1,ECM
1515313033,1,ECM
1515313036,1,ECM
1515313039,1,ECM
1515313041,1,ECM
1515313045,1,ECM
1515313052,1,ECM
1515313054,1,ECM
1515313056,1,ECM
1515313062,1,ECM
1515313066,1,ECM
1515313067,1,ECM
1515313068,1,ECM
1515313070,1,ECM
1515313071,1,ECM
1515313087,1,ECM
1515313091,1,ECM
1515313093,1,ECM
1515313097,1,ECM
1515313108,1,ECM
1515313127,1,ECM
1515313130,1,ECM
1515313133,1,ECM
1515313135,1,ECM
1515313146,1,ECM
1515313147,1,ECM
1515313148,1,ECM
1515313152,1,ECM
1515313160,1,ECM
1515313164,1,ECM
1515313167,1,ECM
1515313172,1,ECM
1515313174,1,ECM
1515313177,1,ECM
1515313181,1,ECM
1515313211,1,ECM
1515313220,1,ECM
1515313232,1,ECM
1515313240,1,ECM
1515313242,1,ECM
1515313250,1,ECM
1515313259,1,ECM
1515313261,1,ECM
1515313277,1,ECM
1515313279,1,ECM
1515313282,1,ECM
1515313287,1,ECM
1515313290,1,ECM
1515313292,1,ECM
1515313295,1,ECM
1515313318,1,ECM
1515313319,1,ECM
1515313330,1,ECM
1515313337,1,ECM
1515313340,1,ECM
1515313349,1,ECM
1515313351,1,ECM
1515313358,1,ECM
1515313362,1,ECM
1515313363,1,ECM
1515313380,1,ECM
1515313389,1,ECM
1515313391,1,ECM
1515313394,1,ECM
1515313417,1,ECM
1515313423,1,ECM
1515313430,1,ECM
1515313431,1,ECM
1515313451,1,ECM
1515313453,1,ECM
1515313455,1,ECM
1515313457,1,ECM
1515313463,1,ECM
1515313469,1,ECM
1515313471,1,ECM
1515313511,1,ECM
1515313519,1,ECM
1515313526,1,ECM
1515313538,1,ECM
1515313548,1,ECM
1515313568,1,ECM
1515313576,1,ECM
1515313580,1,ECM
1515313587,1,ECM
1515313591,1,ECM
1515313592,1,ECM
1515313604,1,ECM
1515313605,1,ECM
1515313614,1,ECM
1515313615,1,ECM
1515313617,1,ECM
1515313618,1,ECM
1515313625,1,ECM
1515313631,1,ECM
1515313639,1,ECM
1515313651,1,ECM
1515313669,1,ECM
1515313672,1,ECM
1515313679,1,ECM
1515313682,1,ECM
1515313693,1,ECM
1515313694,1,ECM
1515313700,1,ECM
1515313705,1,ECM
1515313716,1,ECM
1515313718,1,ECM
1515313719,1,ECM
1515313730,1,ECM
1515313736,1,ECM
1515313747,1,ECM
1515313756,1,ECM
1515313767,1,ECM
1515313769,1,ECM
1515313770,1,ECM
1515313775,1,ECM
1515313777,1,ECM
1515313784,1,ECM
1515313799,1,ECM
1515313802,1,ECM
1515313811,1,ECM
1515313813,1,ECM
1515313815,1,ECM
1515313820,1,ECM
1515313826,1,ECM
1515313827,1,ECM
1515313836,1,ECM
1515313839,1,ECM
1515313844,1,ECM
1515313846,1,ECM
1515313847,1,ECM
1515313855,1,ECM
1515313857,1,ECM
1515313863,1,ECM
1515313867,1,ECM
1515313877,1,ECM
1515313879,1,ECM
1515313884,1,ECM
1515313888,1,ECM
1515313912,1,ECM
1515313914,1,ECM
1515313920,1,ECM
1515313921,1,ECM
1515313923,1,ECM
1515313931,1,ECM
1515313932,1,ECM
1515313935,1,ECM
1515313936,1,ECM
1515313937,1,ECM
1515313945,1,ECM
1515313952,1,ECM
1515313954,1,ECM
1515313956,1,ECM
1515313957,1,ECM
1515313965,1,ECM
1515313969,1,ECM
1515313971,1,ECM
1515313988,1,ECM
1515313993,1,ECM
1515314004,1,ECM
1515314008,1,ECM
1515314015,1,ECM
1515314024,1,ECM
1515314025,1,ECM
1515314026,1,ECM
1515314040,1,ECM
1515314064,1,ECM
1515314065,1,ECM
1515314070,1,ECM
1515314077,1,ECM
1515314080,1,ECM
1515314084,1,ECM
1515314085,1,ECM
1515314087,1,ECM
1515314089,1,ECM
1515314090,1,ECM
1515314100,1,ECM
1515314108,1,ECM
1515314111,1,ECM
1515314120,1,ECM
1515314133,1,ECM
1515314136,1,ECM
1515314141,1,ECM
1515314144,1,ECM
1515314147,1,ECM
1515314150,1,ECM
1515314153,1,ECM
1515314156,1,ECM
1515314172,1,ECM
1515314175,1,ECM
1515314177,1,ECM
1515314187,1,ECM
1515314199,1,ECM
1515314216,1,ECM
1515314233,1,ECM
1515314235,1,ECM
1515314237,1,ECM
1515314240,1,ECM
1515314242,1,ECM
1515314247,1,ECM
1515314262,1,ECM
1515314263,1,ECM
1515314268,1,ECM
1515314269,1,ECM
1515314274,1,ECM
1515314279,1,ECM
1515314286,1,ECM
1515314288,1,ECM
1515314303,1,ECM
1515314305,1,ECM
1515314309,1,ECM
1515314311,1,ECM
1515314313,1,ECM
1515314315,1,ECM
1515314316,1,ECM
1515314332,1,ECM
1515314352,1,ECM
1515314357,1,ECM
1515314364,1,ECM
1515314366,1,ECM
1515314370,1,ECM
1515314371,1,ECM
1515314374,1,ECM
1515314381,1,ECM
1515314383,1,ECM
1515314387,1,ECM
1515314389,1,ECM
1515314396,1,ECM
1515314408,1,ECM
1515314414,1,ECM
1515314419,1,ECM
1515314427,1,ECM
1515314437,1,ECM
1515314439,1,ECM
1515314440,1,ECM
1515314441,1,ECM
1515314442,1,ECM
1515314448,1,ECM
1515314455,1,ECM
1515314462,1,ECM
1515314463,1,ECM
1515314466,1,ECM
1515314470,1,ECM
1515314473,1,ECM
1515314480,1,ECM
1515314484,1,ECM
1515314492,1,ECM
1515314502,1,ECM
1515314503,1,ECM
1515314510,1,ECM
1515314518,1,ECM
1515314528,1,ECM
1515314534,1,ECM
1515314535,1,ECM
1515314538,1,ECM
1515314539,1,ECM
1515314551,1,ECM
1515314552,1,ECM
1515314558,1,ECM
1515314559,1,ECM
1515314585,1,ECM
1515314587,1,ECM
1515314588,1,ECM
1515314590,1,ECM
1515314594,1,ECM
1515314598,1,ECM
1515314599,1,ECM
1515314601,1,ECM
1515314612,1,ECM
1515314619,1,ECM
1515314637,1,ECM
1515314638,1,ECM
1515314646,1,ECM
1515314649,1,ECM
1515314655,1,ECM
1515314669,1,ECM
1515314671,1,ECM
1515314677,1,ECM
1515314678,1,ECM
1515314684,1,ECM
1515314692,1,ECM
1515314706,1,ECM
1515314708,1,ECM
1515314709,1,ECM
1515314713,1,ECM
1515314714,1,ECM
1515314718,1,ECM
1515314719,1,ECM
1515314720,1,ECM
1515314722,1,ECM
1515314723,1,ECM
1515314729,1,ECM
1515314733,1,ECM
1515314745,1,ECM
1515314748,1,ECM
1515314749,1,ECM
1515314760,1,ECM
1515314761,1,ECM
1515314763,1,ECM
1515314765,1,ECM
1515314769,1,ECM
1515314771,1,ECM
1515314785,1,ECM
1515314787,1,ECM
1515314790,1,ECM
1515314791,1,ECM
1515314806,1,ECM
1515314807,1,ECM
1515314808,1,ECM
1515314809,1,ECM
1515314810,1,ECM
1515314812,1,ECM
1515314821,1,ECM
1515314822,1,ECM
1515314824,1,ECM
1515314839,1,ECM
1515314842,1,ECM
1515314845,1,ECM
1515314847,1,ECM
1515314852,1,ECM
1515314860,1,ECM
1515314861,1,ECM
1515314897,1,ECM
1515314898,1,ECM
1515314901,1,ECM
1515314903,1,ECM
1515314904,1,ECM
1515314905,1,ECM
1515314906,1,ECM
1515314907,1,ECM
1515314908,1,ECM
1515314909,1,ECM
1515314930,1,ECM
1515314932,1,ECM
1515314935,1,ECM
1515314961,1,ECM
1515314965,1,ECM
1515314966,1,ECM
1515314972,1,ECM
1515314974,1,ECM
1515314992,1,ECM
1515314994,1,ECM
1515314995,1,ECM
1515314998,1,ECM
1515315002,1,ECM
1515315005,1,ECM
1515315037,1,ECM
1515315042,1,ECM
1515315052,1,ECM
1515315057,1,ECM
1515315059,1,ECM
1515315061,1,ECM
1515315067,1,ECM
1515315070,1,ECM
1515315071,1,ECM
1515315078,1,ECM
1515315085,1,ECM
1515315095,1,ECM
1515315143,1,ECM
1515315144,1,ECM
1515315155,1,ECM
1515315162,1,ECM
1515315163,1,ECM
1515315164,1,ECM
1515315165,1,ECM
1515315168,1,ECM
1515315180,1,ECM
1515315184,1,ECM
1515315241,1,ECM
1515315245,1,ECM
1515315246,1,ECM
1515315252,1,ECM
1515315261,1,ECM
1515315322,1,ECM
1515315348,1,ECM
1515315351,1,ECM
1515315363,1,ECM
1515315371,1,ECM
1515315372,1,ECM
1515315426,1,ECM
1515315429,1,ECM
1515315441,1,ECM
1515315449,1,ECM
1515315458,1,ECM
1515315464,1,ECM
1515315535,1,ECM
1515315539,1,ECM
1515315543,1,ECM
1515315559,1,ECM
1515315563,1,ECM
1515315566,1,ECM
1515315623,1,ECM
1515315632,1,ECM
1515315639,1,ECM
1515315641,1,ECM
1515315694,1,ECM
1515315716,1,ECM
1515315717,1,ECM
1515315721,1,ECM
1515315724,1,ECM
1515315795,1,ECM
1515315800,1,ECM
1515315802,1,ECM
1515315809,1,ECM
1515315810,1,ECM
1515315811,1,ECM
1515315812,1,ECM
1515315818,1,ECM
1515315821,1,ECM
1515315864,1,ECM
1515315865,1,ECM
1515315871,1,ECM
1515315877,1,ECM
1515315879,1,ECM
1515315881,1,ECM
1515315885,1,ECM
1515315895,1,ECM
1515315897,1,ECM
1515315898,1,ECM
1515315900,1,ECM
1515315954,1,ECM
1515315964,1,ECM
1515315965,1,ECM
1515315969,1,ECM
1515315975,1,ECM
1515316039,1,ECM
1515316040,1,ECM
1515316041,1,ECM
1515316049,1,ECM
1515316052,1,ECM
1515316060,1,ECM
1515316061,1,ECM
1515316062,1,ECM
1515316063,1,ECM
1515316136,1,ECM
1515316141,1,ECM
1515316145,1,ECM
1515316151,1,ECM
1515316152,1,ECM
1515316154,1,ECM
1515316204,1,ECM
1515316211,1,ECM
1515316213,1,ECM
1515316218,1,ECM
1515316222,1,ECM
1515316223,1,ECM
1515316234,1,ECM
1515316290,1,ECM
1515316295,1,ECM
1515316297,1,ECM
1515316300,1,ECM
1515316306,1,ECM
1515316310,1,ECM
1515316314,1,ECM
1515316315,1,ECM
1515316317,1,ECM
1515316318,1,ECM
1515316323,1,ECM
1515316375,1,ECM
1515316379,1,ECM
1515316388,1,ECM
1515316397,1,ECM
1515316404,1,ECM
1515316405,1,ECM
1515316418,1,ECM
1515316482,1,ECM
1515316490,1,ECM
1515316515,1,ECM
1515316567,1,ECM
1515316573,1,ECM
1515316576,1,ECM
1515316582,1,ECM
1515316585,1,ECM
1515316586,1,ECM
1515316590,1,ECM
1515316591,1,ECM
1515316651,1,ECM
1515316655,1,ECM
1515316656,1,ECM
1515316661,1,ECM
1515316663,1,ECM
1515316665,1,ECM
1515316675,1,ECM
1515316676,1,ECM
1515316677,1,ECM
1515316678,1,ECM
1515316732,1,ECM
1515316742,1,ECM
1515316744,1,ECM
1515316745,1,ECM
1515316746,1,ECM
1515316796,1,ECM
1515316798,1,ECM
1515316800,1,ECM
1515316801,1,ECM
1515316810,1,ECM
1515316816,1,ECM
1515316817,1,ECM
1515316823,1,ECM
1515316829,1,ECM
1515316830,1,ECM
1515316896,1,ECM
1515316909,1,ECM
1515316911,1,ECM
1515316973,1,ECM
1515316976,1,ECM
1515316977,1,ECM
1515316978,1,ECM
1515316993,1,ECM
1515317008,1,ECM
1515317010,1,ECM
1515317014,1,ECM
1515317067,1,ECM
1515317078,1,ECM
1515317082,1,ECM
1515317090,1,ECM
1515317154,1,ECM
1515317164,1,ECM
1515317168,1,ECM
1515317172,1,ECM
1515317190,1,ECM
1515317199,1,ECM
1515317239,1,ECM
1515317252,1,ECM
1515317253,1,ECM
1515317254,1,ECM
1515317260,1,ECM
1515317261,1,ECM
1515317262,1,ECM
1515317266,1,ECM
1515317267,1,ECM
1515317275,1,ECM
1515317352,1,ECM
1515317363,1,ECM
1515317364,1,ECM
1515317365,1,ECM
1515317369,1,ECM
1515317381,1,ECM
1515317445,1,ECM
1515317457,1,ECM
1515317467,1,ECM
1515317469,1,ECM
1515317474,1,ECM
1515317475,1,ECM
1515317522,1,ECM
1515317526,1,ECM
1515317530,1,ECM
1515317533,1,ECM
1515317537,1,ECM
1515317544,1,ECM
1515317600,1,ECM
1515317611,1,ECM
1515317614,1,ECM
1515317621,1,ECM
1515317622,1,ECM
1515317630,1,ECM
1515317678,1,ECM
1515317680,1,ECM
1515317681,1,ECM
1515317685,1,ECM
1515317706,1,ECM
1515317708,1,ECM
1515317709,1,ECM
1515317781,1,ECM
1515317783,1,ECM
1515317792,1,ECM
1515317797,1,ECM
1515317801,1,ECM
1515317810,1,ECM
1515317821,1,ECM
1515317826,1,ECM
1515317832,1,ECM
1515317871,1,ECM
1515317877,1,ECM
1515317881,1,ECM
1515317889,1,ECM
1515317891,1,ECM
1515317896,1,ECM
1515317915,1,ECM
1515317916,1,ECM
1515317966,1,ECM
1515317969,1,ECM
1515317973,1,ECM
1515317974,1,ECM
1515317976,1,ECM
1515317977,1,ECM
1515317984,1,ECM
1515317991,1,ECM
1515317995,1,ECM
1515318007,1,ECM
1515318008,1,ECM
1515318015,1,ECM
1515318050,1,ECM
1515318055,1,ECM
1515318057,1,ECM
1515318061,1,ECM
1515318062,1,ECM
1515318065,1,ECM
1515318086,1,ECM
1515318091,1,ECM
1515318129,1,ECM
1515318132,1,ECM
1515318146,1,ECM
1515318158,1,ECM
1515318206,1,ECM
1515318209,1,ECM
1515318213,1,ECM
1515318218,1,ECM
1515318222,1,ECM
1515318227,1,ECM
1515318289,1,ECM
1515318290,1,ECM
1515318305,1,ECM
1515318306,1,ECM
1515318311,1,ECM
1515318314,1,ECM
1515318315,1,ECM
1515318320,1,ECM
1515318323,1,ECM
1515318324,1,ECM
1515318326,1,ECM
1515318363,1,ECM
1515318364,1,ECM
1515318370,1,ECM
1515318374,1,ECM
1515318386,1,ECM
1515318387,1,ECM
1515318390,1,ECM
1515318393,1,ECM
1515318396,1,ECM
1515318398,1,ECM
1515318438,1,ECM
1515318444,1,ECM
1515318447,1,ECM
1515318449,1,ECM
1515318454,1,ECM
1515318478,1,ECM
1515318479,1,ECM
1515318520,1,ECM
1515318528,1,ECM
1515318529,1,ECM
1515318531,1,ECM
1515318535,1,ECM
1515318536,1,ECM
1515318544,1,ECM
1515318548,1,ECM
1515318551,1,ECM
1515318557,1,ECM
1515318613,1,ECM
1515318621,1,ECM
1515318637,1,ECM
1515318684,1,ECM
1515318693,1,ECM
1515318698,1,ECM
1515318699,1,ECM
1515318704,1,ECM
1515318710,1,ECM
1515318713,1,ECM
1515318722,1,ECM
1515318764,1,ECM
1515318785,1,ECM
1515318798,1,ECM
1515318800,1,ECM
1515318804,1,ECM
1515318805,1,ECM
1515318808,1,ECM
1515318852,1,ECM
1515318858,1,ECM
1515318860,1,ECM
1515318866,1,ECM
1515318872,1,ECM
1515318909,1,ECM
1515318913,1,ECM
1515318914,1,ECM
1515318934,1,ECM
1515318938,1,ECM
1515318942,1,ECM
1515318990,1,ECM
1515318993,1,ECM
1515319000,1,ECM
1515319002,1,ECM
1515319013,1,ECM
1515319021,1,ECM
1515319050,1,ECM
1515319057,1,ECM
1515319068,1,ECM
1515319073,1,ECM
1515319078,1,ECM
1515319079,1,ECM
1515319114,1,ECM
1515319115,1,ECM
1515319127,1,ECM
1515319130,1,ECM
1515319132,1,ECM
1515319138,1,ECM
1515319142,1,ECM
1515319146,1,ECM
1515319180,1,ECM
1515319182,1,ECM
1515319183,1,ECM
1515319190,1,ECM
1515319191,1,ECM
1515319209,1,ECM
1515319210,1,ECM
1515319212,1,ECM
1515319214,1,ECM
1515319248,1,ECM
1515319255,1,ECM
1515319256,1,ECM
1515319257,1,ECM
1515319265,1,ECM
1515319268,1,ECM
1515319273,1,ECM
1515319276,1,ECM
1515319282,1,ECM
1515319291,1,ECM
1515319324,1,ECM
1515319328,1,ECM
1515319334,1,ECM
1515319347,1,ECM
1515319356,1,ECM
1515319416,1,ECM
1515319418,1,ECM
1515319419,1,ECM
1515319424,1,ECM
1515319428,1,ECM
1515319431,1,ECM
1515319443,1,ECM
1515319445,1,ECM
1515319452,1,ECM
1515319500,1,ECM
1515319511,1,ECM
1515319520,1,ECM
1515319523,1,ECM
1515319526,1,ECM
1515319532,1,ECM
1515319541,1,ECM
1515319566,1,ECM
1515319567,1,ECM
1515319574,1,ECM
1515319581,1,ECM
1515319640,1,ECM
1515319649,1,ECM
1515319655,1,ECM
1515319656,1,ECM
1515319659,1,ECM
1515319661,1,ECM
1515319663,1,ECM
1515319664,1,ECM
1515319703,1,ECM
1515319711,1,ECM
1515319715,1,ECM
1515319777,1,ECM
1515319783,1,ECM
1515319793,1,ECM
1515319794,1,ECM
1515319798,1,ECM
1515319800,1,ECM
1515319826,1,ECM
1515319839,1,ECM
1515319850,1,ECM
1515319859,1,ECM
1515319885,1,ECM
1515319895,1,ECM
1515319897,1,ECM
1515319905,1,ECM
1515319913,1,ECM
1515319938,1,ECM
1515319947,1,ECM
1515319966,1,ECM
1515319971,1,ECM
1515319979,1,ECM
1515319982,1,ECM
1515320009,1,ECM
1515320012,1,ECM
1515320016,1,ECM
1515320020,1,ECM
1515320036,1,ECM
1515320037,1,ECM
1515320039,1,ECM
1515320081,1,ECM
1515320093,1,ECM
1515320100,1,ECM
1515320106,1,ECM
1515320111,1,ECM
1515320116,1,ECM
1515320142,1,ECM
1515320144,1,ECM
1515320147,1,ECM
1515320148,1,ECM
1515320150,1,ECM
1515320160,1,ECM
1515320163,1,ECM
1515320165,1,ECM
1515320169,1,ECM
1515320172,1,ECM
1515320178,1,ECM
1515320200,1,ECM
1515320204,1,ECM
1515320206,1,ECM
1515320210,1,ECM
1515320216,1,ECM
1515320217,1,ECM
1515320223,1,ECM
1515320242,1,ECM
1515320243,1,ECM
1515320247,1,ECM
1515320248,1,ECM
1515320283,1,ECM
1515320285,1,ECM
1515320294,1,ECM
1515320297,1,ECM
1515320309,1,ECM
1515320311,1,ECM
1515320355,1,ECM
1515320357,1,ECM
1515320358,1,ECM
1515320363,1,ECM
1515320370,1,ECM
1515320373,1,ECM
1515320381,1,ECM
1515320419,1,ECM
1515320425,1,ECM
1515320495,1,ECM
1515320510,1,ECM
1515320540,1,ECM
1515320541,1,ECM
1515320542,1,ECM
1515320543,1,ECM
1515320547,1,ECM
1515320575,1,ECM
1515320612,1,ECM
1515320617,1,ECM
1515320618,1,ECM
1515320632,1,ECM
1515320639,1,ECM
1515320640,1,ECM
1515320657,1,ECM
1515320659,1,ECM
1515320686,1,ECM
1515320691,1,ECM
1515320692,1,ECM
1515320694,1,ECM
1515320695,1,ECM
1515320703,1,ECM
1515320705,1,ECM
1515320706,1,ECM
1515320720,1,ECM
1515320722,1,ECM
1515320725,1,ECM
1515320751,1,ECM
1515320752,1,ECM
1515320758,1,ECM
1515320763,1,ECM
1515320770,1,ECM
1515320775,1,ECM
1515320777,1,ECM
1515320786,1,ECM
1515320792,1,ECM
1515320793,1,ECM
1515320796,1,ECM
1515320817,1,ECM
1515320832,1,ECM
1515320833,1,ECM
1515320835,1,ECM
1515320836,1,ECM
1515320845,1,ECM
1515320846,1,ECM
1515320848,1,ECM
1515320854,1,ECM
1515320857,1,ECM
1515320883,1,ECM
1515320888,1,ECM
1515320889,1,ECM
1515320893,1,ECM
1515320910,1,ECM
1515320958,1,ECM
1515320963,1,ECM
1515320966,1,ECM
1515320968,1,ECM
1515320977,1,ECM
1515320979,1,ECM
1515320982,1,ECM
1515320985,1,ECM
1515321010,1,ECM
1515321015,1,ECM
1515321016,1,ECM
1515321018,1,ECM
1515321033,1,ECM
1515321042,1,ECM
1515321046,1,ECM
1515321048,1,ECM
1515321083,1,ECM
1515321085,1,ECM
1515321098,1,ECM
1515321099,1,ECM
1515321104,1,ECM
1515321122,1,ECM
1515321125,1,ECM
1515321150,1,ECM
1515321154,1,ECM
1515321156,1,ECM
1515321158,1,ECM
1515321159,1,ECM
1515321164,1,ECM
1515321166,1,ECM
1515321171,1,ECM
1515321175,1,ECM
1515321180,1,ECM
1515321217,1,ECM
1515321219,1,ECM
1515321220,1,ECM
1515321226,1,ECM
1515321228,1,ECM
1515321231,1,ECM
1515321232,1,ECM
1515321245,1,ECM
1515321246,1,ECM
1515321248,1,ECM
1515321249,1,ECM
1515321258,1,ECM
1515321284,1,ECM
1515321295,1,ECM
1515321296,1,ECM
1515321298,1,ECM
1515321300,1,ECM
1515321319,1,ECM
1515321325,1,ECM
1515321364,1,ECM
1515321367,1,ECM
1515321368,1,ECM
1515321374,1,ECM
1515321382,1,ECM
1515321386,1,ECM
1515321392,1,ECM
1515321394,1,ECM
1515321397,1,ECM
1515321424,1,ECM
1515321428,1,ECM
1515321431,1,ECM
1515321433,1,ECM
1515321444,1,ECM
1515321447,1,ECM
1515321454,1,ECM
1515321456,1,ECM
1515321477,1,ECM
1515321485,1,ECM
1515321489,1,ECM
1515321490,1,ECM
1515321494,1,ECM
1515321496,1,ECM
1515321497,1,ECM
1515321500,1,ECM
1515321502,1,ECM
1515321550,1,ECM
1515321555,1,ECM
1515321556,1,ECM
1515321565,1,ECM
1515321571,1,ECM
1515321575,1,ECM
1515321577,1,ECM
1515321578,1,ECM
1515321579,1,ECM
1515321581,1,ECM
1515321584,1,ECM
1515321585,1,ECM
1515321589,1,ECM
1515321591,1,ECM
1515321593,1,ECM
1515321633,1,ECM
1515321634,1,ECM
1515321635,1,ECM
1515321637,1,ECM
1515321647,1,ECM
1515321649,1,ECM
1515321652,1,ECM
1515321657,1,ECM
1515321668,1,ECM
1515321707,1,ECM
1515321714,1,ECM
1515321717,1,ECM
1515321724,1,ECM
1515321728,1,ECM
1515321730,1,ECM
1515321761,1,ECM
1515321764,1,ECM
1515321774,1,ECM
1515321788,1,ECM
1515321791,1,ECM
1515321799,1,ECM
1515321828,1,ECM
1515321833,1,ECM
1515321846,1,ECM
1515321858,1,ECM
1515321883,1,ECM
1515321884,1,ECM
1515321885,1,ECM
1515321886,1,ECM
1515321893,1,ECM
1515321894,1,ECM
1515321898,1,ECM
1515321899,1,ECM
1515321904,1,ECM
1515321905,1,ECM
1515321921,1,ECM
1515321942,1,ECM
1515321962,1,ECM
1515321969,1,ECM
1515321974,1,ECM
1515322002,1,ECM
1515322010,1,ECM
1515322020,1,ECM
1515322025,1,ECM
1515322028,1,ECM
1515322029,1,ECM
1515322034,1,ECM
1515322049,1,ECM
1515322052,1,ECM
1515322053,1,ECM
1515322054,1,ECM
1515322058,1,ECM
1515322060,1,ECM
1515322065,1,ECM
1515322069,1,ECM
1515322075,1,ECM
1515322076,1,ECM
1515322078,1,ECM
1515322099,1,ECM
1515322115,1,ECM
1515322116,1,ECM
1515322117,1,ECM
1515322123,1,ECM
1515322166,1,ECM
1515322171,1,ECM
1515322175,1,ECM
1515322177,1,ECM
1515322181,1,ECM
1515322182,1,ECM
1515322186,1,ECM
1515322191,1,ECM
1515322192,1,ECM
1515322195,1,ECM
1515322198,1,ECM
1515322199,1,ECM
1515322225,1,ECM
1515322235,1,ECM
1515322236,1,ECM
1515322240,1,ECM
1515322242,1,ECM
1515322244,1,ECM
1515322246,1,ECM
1515322247,1,ECM
1515322296,1,ECM
1515322299,1,ECM
1515322303,1,ECM
1515322305,1,ECM
1515322328,1,ECM
1515322331,1,ECM
1515322337,1,ECM
1515322340,1,ECM
1515322347,1,ECM
1515322368,1,ECM
1515322380,1,ECM
1515322381,1,ECM
1515322382,1,ECM
1515322386,1,ECM
1515322391,1,ECM
1515322393,1,ECM
1515322395,1,ECM
1515322397,1,ECM
1515322415,1,ECM
1515322423,1,ECM
1515322427,1,ECM
1515322428,1,ECM
1515322437,1,ECM
1515322446,1,ECM
1515322450,1,ECM
1515322453,1,ECM
1515322463,1,ECM
1515322486,1,ECM
1515322488,1,ECM
1515322503,1,ECM
1515322508,1,ECM
1515322509,1,ECM
1515322549,1,ECM
1515322554,1,ECM
1515322556,1,ECM
1515322560,1,ECM
1515322563,1,ECM
1515322564,1,ECM
1515322565,1,ECM
1515322571,1,ECM
1515322594,1,ECM
1515322610,1,ECM
1515322617,1,ECM
1515322641,1,ECM
1515322644,1,ECM
1515322645,1,ECM
1515322648,1,ECM
1515322666,1,ECM
1515322668,1,ECM
1515322673,1,ECM
1515322675,1,ECM
1515322677,1,ECM
1515322678,1,ECM
1515322682,1,ECM
1515322721,1,ECM
1515322731,1,ECM
1515322737,1,ECM
1515322743,1,ECM
1515322762,1,ECM
1515322767,1,ECM
1515322777,1,ECM
1515322780,1,ECM
1515322781,1,ECM
1515322789,1,ECM
1515322790,1,ECM
1515322795,1,ECM
1515322819,1,ECM
1515322822,1,ECM
1515322834,1,ECM
1515322835,1,ECM
1515322837,1,ECM
1515322839,1,ECM
1515322868,1,ECM
1515322871,1,ECM
1515322872,1,ECM
1515322880,1,ECM
1515323390,1,ECM
1515323400,1,ECM
1515323415,1,ECM
1515323583,1,ECM
1515323587,1,ECM
1515323589,1,ECM
1515323624,1,ECM
1515323630,1,ECM
1515323643,1,ECM
1515323648,1,ECM
1515323656,1,ECM
1515323661,1,ECM
1515323667,1,ECM
1515323681,1,ECM
1515323683,1,ECM
1515323686,1,ECM
1515323693,1,ECM
1515323698,1,ECM
1515323700,1,ECM
1515323706,1,ECM
1515323716,1,ECM
1515323723,1,ECM
1515323731,1,ECM
1515323750,1,ECM
1515323764,1,ECM
1515323765,1,ECM
1515323781,1,ECM
1515323790,1,ECM
1515323795,1,ECM
1515323796,1,ECM
1515323798,1,ECM
1515323831,1,ECM
1515323832,1,ECM
1515323851,1,ECM
1515323859,1,ECM
1515323876,1,ECM
1515323879,1,ECM
1515323888,1,ECM
1515323902,1,ECM
1515323908,1,ECM
1515323929,1,ECM
1515323932,1,ECM
1515323939,1,ECM
1515323945,1,ECM
1515323948,1,ECM
1515323955,1,ECM
1515323958,1,ECM
1515323959,1,ECM
1515323960,1,ECM
1515323970,1,ECM
1515323975,1,ECM
1515323977,1,ECM
1515323991,1,ECM
1515323992,1,ECM
1515323998,1,ECM
1515324015,1,ECM
1515324018,1,ECM
1515324030,1,ECM
1515324036,1,ECM
1515324044,1,ECM
1515324054,1,ECM
1515324066,1,ECM
1515324069,1,ECM
1515324074,1,ECM
1515324075,1,ECM
1515324081,1,ECM
1515324089,1,ECM
1515324101,1,ECM
1515324103,1,ECM
1515324111,1,ECM
1515324119,1,ECM
1515324121,1,ECM
1515324125,1,ECM
1515324133,1,ECM
1515324136,1,ECM
1515324150,1,ECM
1515324152,1,ECM
1515324154,1,ECM
1515324156,1,ECM
1515324161,1,ECM
1515324163,1,ECM
1515324165,1,ECM
1515324167,1,ECM
1515324184,1,ECM
1515324185,1,ECM
1515324200,1,ECM
1515324206,1,ECM
1515324212,1,ECM
1515324213,1,ECM
1515324231,1,ECM
1515324238,1,ECM
1515324245,1,ECM
1515324265,1,ECM
1515324269,1,ECM
1515324290,1,ECM
1515324293,1,ECM
1515324303,1,ECM
1515324311,1,ECM
1515324340,1,ECM
1515324353,1,ECM
1515324362,1,ECM
1515324387,1,ECM
1515324403,1,ECM
1515324426,1,ECM
1515324429,1,ECM
1515324461,1,ECM
1515324479,1,ECM
